USE [Xomorod]
GO
/****** Object:  ForeignKey [FK_RssFeeds_RssResources]    Script Date: 01/27/2016 11:01:10 ******/
IF  EXISTS (SELECT * FROM sys.foreign_keys WHERE object_id = OBJECT_ID(N'[dbo].[FK_RssFeeds_RssResources]') AND parent_object_id = OBJECT_ID(N'[dbo].[RssFeeds]'))
ALTER TABLE [dbo].[RssFeeds] DROP CONSTRAINT [FK_RssFeeds_RssResources]
GO
/****** Object:  ForeignKey [FK_NewsResources_NewsCategories]    Script Date: 01/27/2016 11:01:10 ******/
IF  EXISTS (SELECT * FROM sys.foreign_keys WHERE object_id = OBJECT_ID(N'[dbo].[FK_NewsResources_NewsCategories]') AND parent_object_id = OBJECT_ID(N'[dbo].[RssResources]'))
ALTER TABLE [dbo].[RssResources] DROP CONSTRAINT [FK_NewsResources_NewsCategories]
GO
/****** Object:  ForeignKey [FK_RssResourcesRelatedByContentProviders_RssResources]    Script Date: 01/27/2016 11:01:10 ******/
IF  EXISTS (SELECT * FROM sys.foreign_keys WHERE object_id = OBJECT_ID(N'[dbo].[FK_RssResourcesRelatedByContentProviders_RssResources]') AND parent_object_id = OBJECT_ID(N'[dbo].[RssResources_ContentProviders]'))
ALTER TABLE [dbo].[RssResources_ContentProviders] DROP CONSTRAINT [FK_RssResourcesRelatedByContentProviders_RssResources]
GO
/****** Object:  ForeignKey [FK_RssResourcesRelatedByContentProviders_RssResourcesContentProvides]    Script Date: 01/27/2016 11:01:10 ******/
IF  EXISTS (SELECT * FROM sys.foreign_keys WHERE object_id = OBJECT_ID(N'[dbo].[FK_RssResourcesRelatedByContentProviders_RssResourcesContentProvides]') AND parent_object_id = OBJECT_ID(N'[dbo].[RssResources_ContentProviders]'))
ALTER TABLE [dbo].[RssResources_ContentProviders] DROP CONSTRAINT [FK_RssResourcesRelatedByContentProviders_RssResourcesContentProvides]
GO
/****** Object:  StoredProcedure [dbo].[sp_Increase_RssScore]    Script Date: 01/27/2016 11:01:10 ******/
IF  EXISTS (SELECT * FROM sys.objects WHERE object_id = OBJECT_ID(N'[dbo].[sp_Increase_RssScore]') AND type in (N'P', N'PC'))
DROP PROCEDURE [dbo].[sp_Increase_RssScore]
GO
/****** Object:  StoredProcedure [dbo].[sp_Insert_RssItem]    Script Date: 01/27/2016 11:01:10 ******/
IF  EXISTS (SELECT * FROM sys.objects WHERE object_id = OBJECT_ID(N'[dbo].[sp_Insert_RssItem]') AND type in (N'P', N'PC'))
DROP PROCEDURE [dbo].[sp_Insert_RssItem]
GO
/****** Object:  Table [dbo].[RssResources_ContentProviders]    Script Date: 01/27/2016 11:01:10 ******/
IF  EXISTS (SELECT * FROM sys.foreign_keys WHERE object_id = OBJECT_ID(N'[dbo].[FK_RssResourcesRelatedByContentProviders_RssResources]') AND parent_object_id = OBJECT_ID(N'[dbo].[RssResources_ContentProviders]'))
ALTER TABLE [dbo].[RssResources_ContentProviders] DROP CONSTRAINT [FK_RssResourcesRelatedByContentProviders_RssResources]
GO
IF  EXISTS (SELECT * FROM sys.foreign_keys WHERE object_id = OBJECT_ID(N'[dbo].[FK_RssResourcesRelatedByContentProviders_RssResourcesContentProvides]') AND parent_object_id = OBJECT_ID(N'[dbo].[RssResources_ContentProviders]'))
ALTER TABLE [dbo].[RssResources_ContentProviders] DROP CONSTRAINT [FK_RssResourcesRelatedByContentProviders_RssResourcesContentProvides]
GO
IF  EXISTS (SELECT * FROM sys.objects WHERE object_id = OBJECT_ID(N'[dbo].[RssResources_ContentProviders]') AND type in (N'U'))
DROP TABLE [dbo].[RssResources_ContentProviders]
GO
/****** Object:  Table [dbo].[RssFeeds]    Script Date: 01/27/2016 11:01:10 ******/
IF  EXISTS (SELECT * FROM sys.foreign_keys WHERE object_id = OBJECT_ID(N'[dbo].[FK_RssFeeds_RssResources]') AND parent_object_id = OBJECT_ID(N'[dbo].[RssFeeds]'))
ALTER TABLE [dbo].[RssFeeds] DROP CONSTRAINT [FK_RssFeeds_RssResources]
GO
IF  EXISTS (SELECT * FROM dbo.sysobjects WHERE id = OBJECT_ID(N'[DF_RssFeeds_PublishDate]') AND type = 'D')
BEGIN
ALTER TABLE [dbo].[RssFeeds] DROP CONSTRAINT [DF_RssFeeds_PublishDate]
END
GO
IF  EXISTS (SELECT * FROM dbo.sysobjects WHERE id = OBJECT_ID(N'[DF_RssFeeds_Score]') AND type = 'D')
BEGIN
ALTER TABLE [dbo].[RssFeeds] DROP CONSTRAINT [DF_RssFeeds_Score]
END
GO
IF  EXISTS (SELECT * FROM sys.objects WHERE object_id = OBJECT_ID(N'[dbo].[RssFeeds]') AND type in (N'U'))
DROP TABLE [dbo].[RssFeeds]
GO
/****** Object:  Table [dbo].[RssResources]    Script Date: 01/27/2016 11:01:10 ******/
IF  EXISTS (SELECT * FROM sys.foreign_keys WHERE object_id = OBJECT_ID(N'[dbo].[FK_NewsResources_NewsCategories]') AND parent_object_id = OBJECT_ID(N'[dbo].[RssResources]'))
ALTER TABLE [dbo].[RssResources] DROP CONSTRAINT [FK_NewsResources_NewsCategories]
GO
IF  EXISTS (SELECT * FROM dbo.sysobjects WHERE id = OBJECT_ID(N'[DF_NewsResources_Language]') AND type = 'D')
BEGIN
ALTER TABLE [dbo].[RssResources] DROP CONSTRAINT [DF_NewsResources_Language]
END
GO
IF  EXISTS (SELECT * FROM dbo.sysobjects WHERE id = OBJECT_ID(N'[DF_RssResources_IsActive]') AND type = 'D')
BEGIN
ALTER TABLE [dbo].[RssResources] DROP CONSTRAINT [DF_RssResources_IsActive]
END
GO
IF  EXISTS (SELECT * FROM dbo.sysobjects WHERE id = OBJECT_ID(N'[DF_RssResources_Score]') AND type = 'D')
BEGIN
ALTER TABLE [dbo].[RssResources] DROP CONSTRAINT [DF_RssResources_Score]
END
GO
IF  EXISTS (SELECT * FROM sys.objects WHERE object_id = OBJECT_ID(N'[dbo].[RssResources]') AND type in (N'U'))
DROP TABLE [dbo].[RssResources]
GO
/****** Object:  UserDefinedFunction [dbo].[fn_GetStringHashing]    Script Date: 01/27/2016 11:01:11 ******/
IF  EXISTS (SELECT * FROM sys.objects WHERE object_id = OBJECT_ID(N'[dbo].[fn_GetStringHashing]') AND type in (N'FN', N'IF', N'TF', N'FS', N'FT'))
DROP FUNCTION [dbo].[fn_GetStringHashing]
GO
/****** Object:  Table [dbo].[RssCategories]    Script Date: 01/27/2016 11:01:10 ******/
IF  EXISTS (SELECT * FROM dbo.sysobjects WHERE id = OBJECT_ID(N'[DF_NewsCategory_Order]') AND type = 'D')
BEGIN
ALTER TABLE [dbo].[RssCategories] DROP CONSTRAINT [DF_NewsCategory_Order]
END
GO
IF  EXISTS (SELECT * FROM dbo.sysobjects WHERE id = OBJECT_ID(N'[DF_RssCategories_IsActive]') AND type = 'D')
BEGIN
ALTER TABLE [dbo].[RssCategories] DROP CONSTRAINT [DF_RssCategories_IsActive]
END
GO
IF  EXISTS (SELECT * FROM sys.objects WHERE object_id = OBJECT_ID(N'[dbo].[RssCategories]') AND type in (N'U'))
DROP TABLE [dbo].[RssCategories]
GO
/****** Object:  Table [dbo].[RssContentProviders]    Script Date: 01/27/2016 11:01:10 ******/
IF  EXISTS (SELECT * FROM sys.objects WHERE object_id = OBJECT_ID(N'[dbo].[RssContentProviders]') AND type in (N'U'))
DROP TABLE [dbo].[RssContentProviders]
GO
/****** Object:  Table [dbo].[RssContentProviders]    Script Date: 01/27/2016 11:01:10 ******/
SET ANSI_NULLS ON
GO
SET QUOTED_IDENTIFIER ON
GO
IF NOT EXISTS (SELECT * FROM sys.objects WHERE object_id = OBJECT_ID(N'[dbo].[RssContentProviders]') AND type in (N'U'))
BEGIN
CREATE TABLE [dbo].[RssContentProviders](
	[ID] [int] IDENTITY(1,1) NOT NULL,
	[CSS] [nvarchar](max) NULL,
	[JS] [nvarchar](max) NULL,
	[StartMarkup] [nvarchar](max) NULL,
	[EndMarkup] [nvarchar](max) NULL,
 CONSTRAINT [PK_RssResourcesContentProvides] PRIMARY KEY CLUSTERED 
(
	[ID] ASC
)WITH (PAD_INDEX  = OFF, STATISTICS_NORECOMPUTE  = OFF, IGNORE_DUP_KEY = OFF, ALLOW_ROW_LOCKS  = ON, ALLOW_PAGE_LOCKS  = ON) ON [PRIMARY]
) ON [PRIMARY]
END
GO
SET IDENTITY_INSERT [dbo].[RssContentProviders] ON
INSERT [dbo].[RssContentProviders] ([ID], [CSS], [JS], [StartMarkup], [EndMarkup]) VALUES (1, NULL, NULL, N'<div class="col-8"><div id="mpu-plus', N'</div></footer>')
SET IDENTITY_INSERT [dbo].[RssContentProviders] OFF
/****** Object:  Table [dbo].[RssCategories]    Script Date: 01/27/2016 11:01:10 ******/
SET ANSI_NULLS ON
GO
SET QUOTED_IDENTIFIER ON
GO
IF NOT EXISTS (SELECT * FROM sys.objects WHERE object_id = OBJECT_ID(N'[dbo].[RssCategories]') AND type in (N'U'))
BEGIN
CREATE TABLE [dbo].[RssCategories](
	[CategoryID] [int] IDENTITY(1,1) NOT NULL,
	[Name] [nvarchar](max) NULL,
	[PersianName] [nvarchar](max) NULL,
	[Description] [nvarchar](max) NULL,
	[Order] [int] NOT NULL CONSTRAINT [DF_NewsCategory_Order]  DEFAULT ((0)),
	[IsActive] [bit] NOT NULL CONSTRAINT [DF_RssCategories_IsActive]  DEFAULT ((1)),
 CONSTRAINT [PK_NewsCategory] PRIMARY KEY CLUSTERED 
(
	[CategoryID] ASC
)WITH (PAD_INDEX  = OFF, STATISTICS_NORECOMPUTE  = OFF, IGNORE_DUP_KEY = OFF, ALLOW_ROW_LOCKS  = ON, ALLOW_PAGE_LOCKS  = ON) ON [PRIMARY]
) ON [PRIMARY]
END
GO
SET IDENTITY_INSERT [dbo].[RssCategories] ON
INSERT [dbo].[RssCategories] ([CategoryID], [Name], [PersianName], [Description], [Order], [IsActive]) VALUES (1, N'Software', N'نرم افزار', NULL, 0, 1)
INSERT [dbo].[RssCategories] ([CategoryID], [Name], [PersianName], [Description], [Order], [IsActive]) VALUES (2, N'Business', N'تجارت', NULL, 0, 1)
INSERT [dbo].[RssCategories] ([CategoryID], [Name], [PersianName], [Description], [Order], [IsActive]) VALUES (3, N'Android', N'اندروید', NULL, 0, 1)
INSERT [dbo].[RssCategories] ([CategoryID], [Name], [PersianName], [Description], [Order], [IsActive]) VALUES (4, N'Mobile', N'موبایل', NULL, 0, 1)
INSERT [dbo].[RssCategories] ([CategoryID], [Name], [PersianName], [Description], [Order], [IsActive]) VALUES (5, N'Windows', N'ویندوز', NULL, 0, 1)
INSERT [dbo].[RssCategories] ([CategoryID], [Name], [PersianName], [Description], [Order], [IsActive]) VALUES (6, N'Environments', N'اجتماعی', NULL, 0, 1)
INSERT [dbo].[RssCategories] ([CategoryID], [Name], [PersianName], [Description], [Order], [IsActive]) VALUES (7, N'PC', N'کامپیوتر', NULL, 0, 1)
INSERT [dbo].[RssCategories] ([CategoryID], [Name], [PersianName], [Description], [Order], [IsActive]) VALUES (8, N'Hardware', N'سخت افزار', NULL, 0, 1)
INSERT [dbo].[RssCategories] ([CategoryID], [Name], [PersianName], [Description], [Order], [IsActive]) VALUES (9, N'Web', N'وب', NULL, 0, 1)
INSERT [dbo].[RssCategories] ([CategoryID], [Name], [PersianName], [Description], [Order], [IsActive]) VALUES (10, N'Programming', N'برنامه نویسی', NULL, 0, 1)
INSERT [dbo].[RssCategories] ([CategoryID], [Name], [PersianName], [Description], [Order], [IsActive]) VALUES (11, N'Technology', N'تکنولوژی', NULL, 0, 1)
INSERT [dbo].[RssCategories] ([CategoryID], [Name], [PersianName], [Description], [Order], [IsActive]) VALUES (12, N'Knowlege', N'دانستنی ها', NULL, 0, 1)
INSERT [dbo].[RssCategories] ([CategoryID], [Name], [PersianName], [Description], [Order], [IsActive]) VALUES (13, N'New Future', N'نوع آوری', NULL, 0, 1)
INSERT [dbo].[RssCategories] ([CategoryID], [Name], [PersianName], [Description], [Order], [IsActive]) VALUES (14, N'Future', N'آینده', NULL, 0, 1)
INSERT [dbo].[RssCategories] ([CategoryID], [Name], [PersianName], [Description], [Order], [IsActive]) VALUES (15, N'iOS', N'اپل', NULL, 0, 1)
INSERT [dbo].[RssCategories] ([CategoryID], [Name], [PersianName], [Description], [Order], [IsActive]) VALUES (16, N'Mac', N'مک', NULL, 0, 1)
INSERT [dbo].[RssCategories] ([CategoryID], [Name], [PersianName], [Description], [Order], [IsActive]) VALUES (17, N'Electronics', N'الکترونیک', NULL, 0, 1)
INSERT [dbo].[RssCategories] ([CategoryID], [Name], [PersianName], [Description], [Order], [IsActive]) VALUES (18, N'Policy', N'سیاسی', NULL, 0, 1)
INSERT [dbo].[RssCategories] ([CategoryID], [Name], [PersianName], [Description], [Order], [IsActive]) VALUES (19, N'Sport', N'ورزش', NULL, 0, 1)
INSERT [dbo].[RssCategories] ([CategoryID], [Name], [PersianName], [Description], [Order], [IsActive]) VALUES (20, N'Economics', N'افتصاد', NULL, 0, 1)
INSERT [dbo].[RssCategories] ([CategoryID], [Name], [PersianName], [Description], [Order], [IsActive]) VALUES (21, N'News', N'اخبار', NULL, 0, 1)
INSERT [dbo].[RssCategories] ([CategoryID], [Name], [PersianName], [Description], [Order], [IsActive]) VALUES (22, N'Population', N'پربازدید', NULL, 0, 1)
INSERT [dbo].[RssCategories] ([CategoryID], [Name], [PersianName], [Description], [Order], [IsActive]) VALUES (23, N'Deals', N'معاملات', N'اخبار فروش پر سود محصولات شرکت ها', 0, 1)
INSERT [dbo].[RssCategories] ([CategoryID], [Name], [PersianName], [Description], [Order], [IsActive]) VALUES (24, N'Crave', N'پر مخاطب', NULL, 0, 1)
INSERT [dbo].[RssCategories] ([CategoryID], [Name], [PersianName], [Description], [Order], [IsActive]) VALUES (25, N'Game', N'بازی', NULL, 0, 1)
INSERT [dbo].[RssCategories] ([CategoryID], [Name], [PersianName], [Description], [Order], [IsActive]) VALUES (26, N'Cheapskate', N'ارزان قیمت', NULL, 0, 1)
INSERT [dbo].[RssCategories] ([CategoryID], [Name], [PersianName], [Description], [Order], [IsActive]) VALUES (27, N'Smart', N'باهوش', NULL, 0, 1)
INSERT [dbo].[RssCategories] ([CategoryID], [Name], [PersianName], [Description], [Order], [IsActive]) VALUES (28, N'Security', N'امنیت', NULL, 0, 1)
INSERT [dbo].[RssCategories] ([CategoryID], [Name], [PersianName], [Description], [Order], [IsActive]) VALUES (29, N'IT', N'مدیریت اطلاعات', NULL, 0, 1)
INSERT [dbo].[RssCategories] ([CategoryID], [Name], [PersianName], [Description], [Order], [IsActive]) VALUES (30, N'Services', N'سرویس', NULL, 0, 1)
INSERT [dbo].[RssCategories] ([CategoryID], [Name], [PersianName], [Description], [Order], [IsActive]) VALUES (31, N'Network', N'شبکه', NULL, 0, 1)
INSERT [dbo].[RssCategories] ([CategoryID], [Name], [PersianName], [Description], [Order], [IsActive]) VALUES (32, N'Learning', N'آموزشی', NULL, 0, 1)
INSERT [dbo].[RssCategories] ([CategoryID], [Name], [PersianName], [Description], [Order], [IsActive]) VALUES (33, N'Topic', N'تازه ها', NULL, 0, 1)
SET IDENTITY_INSERT [dbo].[RssCategories] OFF
/****** Object:  UserDefinedFunction [dbo].[fn_GetStringHashing]    Script Date: 01/27/2016 11:01:11 ******/
SET ANSI_NULLS ON
GO
SET QUOTED_IDENTIFIER ON
GO
IF NOT EXISTS (SELECT * FROM sys.objects WHERE object_id = OBJECT_ID(N'[dbo].[fn_GetStringHashing]') AND type in (N'FN', N'IF', N'TF', N'FS', N'FT'))
BEGIN
execute dbo.sp_executesql @statement = N'-- =============================================
-- Author:		<Author,,Name>
-- Create date: <Create Date, ,>
-- Description:	<Description, ,>
-- =============================================
CREATE FUNCTION [dbo].[fn_GetStringHashing]
(
	@Content NVARCHAR(MAX)
)
RETURNS CHAR(32)
AS
BEGIN
	DECLARE @hash CHAR(32);
	
	SELECT @hash = SUBSTRING(sys.fn_sqlvarbasetostr(HASHBYTES(''MD5'', @Content)), 3, 32)
	
	RETURN @hash;
END
' 
END
GO
/****** Object:  Table [dbo].[RssResources]    Script Date: 01/27/2016 11:01:10 ******/
SET ANSI_NULLS ON
GO
SET QUOTED_IDENTIFIER ON
GO
IF NOT EXISTS (SELECT * FROM sys.objects WHERE object_id = OBJECT_ID(N'[dbo].[RssResources]') AND type in (N'U'))
BEGIN
CREATE TABLE [dbo].[RssResources](
	[ID] [int] IDENTITY(1,1) NOT NULL,
	[Name] [nvarchar](max) NULL,
	[Url] [nvarchar](max) NULL,
	[Language] [nchar](10) NULL CONSTRAINT [DF_NewsResources_Language]  DEFAULT (N'en'),
	[RssCategoryID] [int] NULL,
	[IsActive] [bit] NOT NULL CONSTRAINT [DF_RssResources_IsActive]  DEFAULT ((1)),
	[Favicon] [nvarchar](max) NULL,
	[Score] [int] NOT NULL CONSTRAINT [DF_RssResources_Score]  DEFAULT ((1)),
 CONSTRAINT [PK_RssResources] PRIMARY KEY CLUSTERED 
(
	[ID] ASC
)WITH (PAD_INDEX  = OFF, STATISTICS_NORECOMPUTE  = OFF, IGNORE_DUP_KEY = OFF, ALLOW_ROW_LOCKS  = ON, ALLOW_PAGE_LOCKS  = ON) ON [PRIMARY]
) ON [PRIMARY]
END
GO
IF NOT EXISTS (SELECT * FROM sys.indexes WHERE object_id = OBJECT_ID(N'[dbo].[RssResources]') AND name = N'IX_RssResources')
CREATE NONCLUSTERED INDEX [IX_RssResources] ON [dbo].[RssResources] 
(
	[ID] ASC
)WITH (PAD_INDEX  = OFF, STATISTICS_NORECOMPUTE  = OFF, SORT_IN_TEMPDB = OFF, IGNORE_DUP_KEY = OFF, DROP_EXISTING = OFF, ONLINE = OFF, ALLOW_ROW_LOCKS  = ON, ALLOW_PAGE_LOCKS  = ON) ON [PRIMARY]
GO
SET IDENTITY_INSERT [dbo].[RssResources] ON
INSERT [dbo].[RssResources] ([ID], [Name], [Url], [Language], [RssCategoryID], [IsActive], [Favicon], [Score]) VALUES (1, N'C|Net', N'http://www.cnet.com/rss/android-update/', N'en        ', 3, 1, N'http://i.i.cbsi.com/cnwk.1d/i/ne/gr/prtnr/CNET_Logo_150.gif', 1)
INSERT [dbo].[RssResources] ([ID], [Name], [Url], [Language], [RssCategoryID], [IsActive], [Favicon], [Score]) VALUES (2, N'C|Net', N'http://www.cnet.com/rss/news/', N'en        ', 21, 1, N'http://i.i.cbsi.com/cnwk.1d/i/ne/gr/prtnr/CNET_Logo_150.gif', 1)
INSERT [dbo].[RssResources] ([ID], [Name], [Url], [Language], [RssCategoryID], [IsActive], [Favicon], [Score]) VALUES (3, N'C|Net', N'http://www.cnet.com/rss/deals/', N'en        ', 23, 1, N'http://i.i.cbsi.com/cnwk.1d/i/ne/gr/prtnr/CNET_Logo_150.gif', 1)
INSERT [dbo].[RssResources] ([ID], [Name], [Url], [Language], [RssCategoryID], [IsActive], [Favicon], [Score]) VALUES (4, N'C|Net', N'http://www.cnet.com/rss/iphone-update/', N'en        ', 15, 1, N'http://i.i.cbsi.com/cnwk.1d/i/ne/gr/prtnr/CNET_Logo_150.gif', 1)
INSERT [dbo].[RssResources] ([ID], [Name], [Url], [Language], [RssCategoryID], [IsActive], [Favicon], [Score]) VALUES (5, N'C|Net', N'http://www.cnet.com/rss/crave/', N'en        ', 24, 1, N'http://i.i.cbsi.com/cnwk.1d/i/ne/gr/prtnr/CNET_Logo_150.gif', 1)
INSERT [dbo].[RssResources] ([ID], [Name], [Url], [Language], [RssCategoryID], [IsActive], [Favicon], [Score]) VALUES (6, N'C|Net', N'http://www.cnet.com/rss/gaming/', N'en        ', 25, 1, N'http://i.i.cbsi.com/cnwk.1d/i/ne/gr/prtnr/CNET_Logo_150.gif', 1)
INSERT [dbo].[RssResources] ([ID], [Name], [Url], [Language], [RssCategoryID], [IsActive], [Favicon], [Score]) VALUES (7, N'C|Net', N'http://www.cnet.com/rss/cheapskate/', N'en        ', 26, 1, N'http://i.i.cbsi.com/cnwk.1d/i/ne/gr/prtnr/CNET_Logo_150.gif', 1)
INSERT [dbo].[RssResources] ([ID], [Name], [Url], [Language], [RssCategoryID], [IsActive], [Favicon], [Score]) VALUES (8, N'C|Net', N'http://www.cnet.com/rss/most-popular-products/', N'en        ', 22, 1, N'http://i.i.cbsi.com/cnwk.1d/i/ne/gr/prtnr/CNET_Logo_150.gif', 1)
INSERT [dbo].[RssResources] ([ID], [Name], [Url], [Language], [RssCategoryID], [IsActive], [Favicon], [Score]) VALUES (9, N'C|Net', N'http://www.cnet.com/rss/smart-home/', N'en        ', 26, 1, N'http://i.i.cbsi.com/cnwk.1d/i/ne/gr/prtnr/CNET_Logo_150.gif', 1)
INSERT [dbo].[RssResources] ([ID], [Name], [Url], [Language], [RssCategoryID], [IsActive], [Favicon], [Score]) VALUES (10, N'Zoomit', N'http://www.zoomit.ir/home?format=feed', N'fa        ', 11, 1, N'http://www.zoomit.ir/templates/ja_argo/images/logo.png', 1)
INSERT [dbo].[RssResources] ([ID], [Name], [Url], [Language], [RssCategoryID], [IsActive], [Favicon], [Score]) VALUES (11, N'Itna', N'http://itna.ir/rssci.uy2-s2tuu-5b1,ydk.8al2as.2.xml', N'fa        ', 11, 1, N'http://itna.ir/images/site_logo.gif', 1)
INSERT [dbo].[RssResources] ([ID], [Name], [Url], [Language], [RssCategoryID], [IsActive], [Favicon], [Score]) VALUES (12, N'Itna', N'http://itna.ir/rsshi.c120z29cc0y3xu1go.dtf2t-.2.xml', N'fa        ', 9, 1, N'http://itna.ir/images/site_logo.gif', 1)
INSERT [dbo].[RssResources] ([ID], [Name], [Url], [Language], [RssCategoryID], [IsActive], [Favicon], [Score]) VALUES (13, N'Itna', N'http://itna.ir/rssgx.dja5qa6dd51kwvjoe.4rparn.a.xml', N'fa        ', 28, 1, N'http://itna.ir/images/site_logo.gif', 1)
INSERT [dbo].[RssResources] ([ID], [Name], [Url], [Language], [RssCategoryID], [IsActive], [Favicon], [Score]) VALUES (14, N'Itna', N'http://itna.ir/rssew.skj1zjyss1rhx2k4m.ib9jbx.j.xml', N'fa        ', 8, 1, N'http://itna.ir/images/site_logo.gif', 1)
INSERT [dbo].[RssResources] ([ID], [Name], [Url], [Language], [RssCategoryID], [IsActive], [Favicon], [Score]) VALUES (15, N'Itna', N'http://itna.ir/rssf0.47wrywq44r,6mp73f.aigwij.w.xml', N'fa        ', 1, 1, N'http://itna.ir/images/site_logo.gif', 1)
INSERT [dbo].[RssResources] ([ID], [Name], [Url], [Language], [RssCategoryID], [IsActive], [Favicon], [Score]) VALUES (16, N'Itna', N'http://itna.ir/rssir.,ltizt4,,ik1pxlne.2cbtcy.t.xml', N'fa        ', 29, 1, N'http://itna.ir/images/site_logo.gif', 1)
INSERT [dbo].[RssResources] ([ID], [Name], [Url], [Language], [RssCategoryID], [IsActive], [Favicon], [Score]) VALUES (17, N'Itna', N'http://itna.ir/rssj8.12u9vuk119bqtw25g.ufu.vshzf.xml', N'fa        ', 21, 1, N'http://itna.ir/images/site_logo.gif', 1)
INSERT [dbo].[RssResources] ([ID], [Name], [Url], [Language], [RssCategoryID], [IsActive], [Favicon], [Score]) VALUES (18, N'ComputerWeekly', N'http://www.computerweekly.com/rss/Latest-IT-news.xml', N'en        ', 29, 1, N'http://cdn.ttgtmedia.com/rms/ux/responsive/img/cw_logo.png', 1)
INSERT [dbo].[RssResources] ([ID], [Name], [Url], [Language], [RssCategoryID], [IsActive], [Favicon], [Score]) VALUES (19, N'ComputerWeekly', N'http://www.computerweekly.com/rss/IT-hardware.xml', N'en        ', 8, 1, N'http://cdn.ttgtmedia.com/rms/ux/responsive/img/cw_logo.png', 1)
INSERT [dbo].[RssResources] ([ID], [Name], [Url], [Language], [RssCategoryID], [IsActive], [Favicon], [Score]) VALUES (20, N'ComputerWeekly', N'http://www.computerweekly.com/rss/Enterprise-software.xml', N'en        ', 1, 1, N'http://cdn.ttgtmedia.com/rms/ux/responsive/img/cw_logo.png', 1)
INSERT [dbo].[RssResources] ([ID], [Name], [Url], [Language], [RssCategoryID], [IsActive], [Favicon], [Score]) VALUES (21, N'ComputerWeekly', N'http://www.computerweekly.com/rss/IT-services-and-outsourcing.xml', N'en        ', 30, 1, N'http://cdn.ttgtmedia.com/rms/ux/responsive/img/cw_logo.png', 1)
INSERT [dbo].[RssResources] ([ID], [Name], [Url], [Language], [RssCategoryID], [IsActive], [Favicon], [Score]) VALUES (22, N'ComputerWeekly', N'http://www.computerweekly.com/rss/IT-security.xml', N'en        ', 28, 1, N'http://cdn.ttgtmedia.com/rms/ux/responsive/img/cw_logo.png', 1)
INSERT [dbo].[RssResources] ([ID], [Name], [Url], [Language], [RssCategoryID], [IsActive], [Favicon], [Score]) VALUES (23, N'ComputerWeekly', N'http://www.computerweekly.com/rss/Networking-and-communication.xml', N'en        ', 31, 1, N'http://cdn.ttgtmedia.com/rms/ux/responsive/img/cw_logo.png', 1)
INSERT [dbo].[RssResources] ([ID], [Name], [Url], [Language], [RssCategoryID], [IsActive], [Favicon], [Score]) VALUES (24, N'ComputerWeekly', N'http://www.computerweekly.com/rss/Mobile-technology.xml', N'en        ', 4, 1, N'http://cdn.ttgtmedia.com/rms/ux/responsive/img/cw_logo.png', 1)
INSERT [dbo].[RssResources] ([ID], [Name], [Url], [Language], [RssCategoryID], [IsActive], [Favicon], [Score]) VALUES (25, N'ComputerWeekly', N'http://www.computerweekly.com/rss/Internet-technology.xml', N'en        ', 11, 1, N'http://cdn.ttgtmedia.com/rms/ux/responsive/img/cw_logo.png', 1)
INSERT [dbo].[RssResources] ([ID], [Name], [Url], [Language], [RssCategoryID], [IsActive], [Favicon], [Score]) VALUES (26, N'ComputerWeekly', N'http://www.computerweekly.com/rss/IT-management.xml', N'en        ', 29, 1, N'http://cdn.ttgtmedia.com/rms/ux/responsive/img/cw_logo.png', 1)
INSERT [dbo].[RssResources] ([ID], [Name], [Url], [Language], [RssCategoryID], [IsActive], [Favicon], [Score]) VALUES (30, N'ComputerWeekly', N'http://www.computerweekly.com/rss/Nordics.xml', N'en        ', 11, 1, N'http://cdn.ttgtmedia.com/rms/ux/responsive/img/cw_logo.png', 1)
INSERT [dbo].[RssResources] ([ID], [Name], [Url], [Language], [RssCategoryID], [IsActive], [Favicon], [Score]) VALUES (32, N'ITiran', N'http://itiran.com/rss/allnews', N'fa        ', 29, 1, N'http://itiran.com/sites/all/themes/itiran_2013/img/logo-2.png', 1)
INSERT [dbo].[RssResources] ([ID], [Name], [Url], [Language], [RssCategoryID], [IsActive], [Favicon], [Score]) VALUES (33, N'PCWorld', N'http://www.pcworld.com/column/hassle-free-pc/index.rss', N'en        ', 32, 1, N'http://csmb.staticworld.net/images/furniture/techhive/logo-banner-pcworld-lg-dark.png', 1)
INSERT [dbo].[RssResources] ([ID], [Name], [Url], [Language], [RssCategoryID], [IsActive], [Favicon], [Score]) VALUES (34, N'PCWorld', N'http://www.pcworld.com/category/software/index.rss', N'en        ', 1, 1, N'http://csmb.staticworld.net/images/furniture/techhive/logo-banner-pcworld-lg-dark.png', 1)
INSERT [dbo].[RssResources] ([ID], [Name], [Url], [Language], [RssCategoryID], [IsActive], [Favicon], [Score]) VALUES (35, N'PCWorld', N'http://www.pcworld.com/category/phones/index.rss', N'en        ', 4, 1, N'http://csmb.staticworld.net/images/furniture/techhive/logo-banner-pcworld-lg-dark.png', 1)
INSERT [dbo].[RssResources] ([ID], [Name], [Url], [Language], [RssCategoryID], [IsActive], [Favicon], [Score]) VALUES (36, N'PCWorld', N'http://www.pcworld.com/category/business/index.rss', N'en        ', 2, 1, N'http://csmb.staticworld.net/images/furniture/techhive/logo-banner-pcworld-lg-dark.png', 1)
INSERT [dbo].[RssResources] ([ID], [Name], [Url], [Language], [RssCategoryID], [IsActive], [Favicon], [Score]) VALUES (37, N'Technewsworld', N'http://www.technewsworld.com/perl/syndication/rssfull.pl', N'en        ', 11, 1, N'http://www.technewsworld.com/images/2014/tnw-logo.png', 1)
INSERT [dbo].[RssResources] ([ID], [Name], [Url], [Language], [RssCategoryID], [IsActive], [Favicon], [Score]) VALUES (38, N'Gsmaria', N'http://www.gsmaria.com/fa/Press/News/RSSFeed?s=SXNIb21lUnNzPVRydWU=', N'fa        ', 4, 1, N'" style="
margin-top: 15px;
background-image: url(http://www.gsmaria.com/RTL/Images/sp_001.png);
background-position: -65px -32px;
width: 204px;
height: 56px;
display: inline-block;', 1)
INSERT [dbo].[RssResources] ([ID], [Name], [Url], [Language], [RssCategoryID], [IsActive], [Favicon], [Score]) VALUES (39, N'Centralclubs', N'http://www.centralclubs.com/', N'fa        ', 32, 0, NULL, 1)
INSERT [dbo].[RssResources] ([ID], [Name], [Url], [Language], [RssCategoryID], [IsActive], [Favicon], [Score]) VALUES (40, N'Gsmarena', N'http://www.gsmarena.com/rss-news-reviews.php3', N'en        ', 4, 1, N'http://st.gsmarena.com/vv/assets8/i/logo-fallback.gif', 1)
INSERT [dbo].[RssResources] ([ID], [Name], [Url], [Language], [RssCategoryID], [IsActive], [Favicon], [Score]) VALUES (41, N'ZdNet', N'http://zdnet.com.feedsportal.com/c/35462/f/675633/index.rss', N'en        ', 29, 1, N'http://www.hdicon.com/wp-content/uploads/2011/05/zdnet_2006.png', 1)
INSERT [dbo].[RssResources] ([ID], [Name], [Url], [Language], [RssCategoryID], [IsActive], [Favicon], [Score]) VALUES (42, N'ZdNet', N'http://zdnet.com.feedsportal.com/c/35462/f/675634/index.rss', N'en        ', 21, 1, N'http://www.hdicon.com/wp-content/uploads/2011/05/zdnet_2006.png', 1)
INSERT [dbo].[RssResources] ([ID], [Name], [Url], [Language], [RssCategoryID], [IsActive], [Favicon], [Score]) VALUES (43, N'ZdNet', N'http://zdnet.com.feedsportal.com/c/35462/f/675861/index.rss', N'en        ', 33, 1, N'http://www.hdicon.com/wp-content/uploads/2011/05/zdnet_2006.png', 1)
SET IDENTITY_INSERT [dbo].[RssResources] OFF
/****** Object:  Table [dbo].[RssFeeds]    Script Date: 01/27/2016 11:01:10 ******/
SET ANSI_NULLS ON
GO
SET QUOTED_IDENTIFIER ON
GO
IF NOT EXISTS (SELECT * FROM sys.objects WHERE object_id = OBJECT_ID(N'[dbo].[RssFeeds]') AND type in (N'U'))
BEGIN
CREATE TABLE [dbo].[RssFeeds](
	[ID] [bigint] IDENTITY(1,1) NOT NULL,
	[Url] [nvarchar](max) NOT NULL,
	[Title] [nvarchar](max) NOT NULL,
	[TitleHash] [char](32) NOT NULL,
	[Description] [nvarchar](max) NULL,
	[ThumbnailUrl] [nvarchar](max) NULL,
	[PublishDate] [datetime] NULL CONSTRAINT [DF_RssFeeds_PublishDate]  DEFAULT (getdate()),
	[Author] [nvarchar](300) NULL,
	[ResourceID] [int] NOT NULL,
	[Score] [bigint] NOT NULL CONSTRAINT [DF_RssFeeds_Score]  DEFAULT ((0)),
 CONSTRAINT [PK_RssFeeds] PRIMARY KEY CLUSTERED 
(
	[ID] ASC
)WITH (PAD_INDEX  = OFF, STATISTICS_NORECOMPUTE  = OFF, IGNORE_DUP_KEY = OFF, ALLOW_ROW_LOCKS  = ON, ALLOW_PAGE_LOCKS  = ON) ON [PRIMARY],
 CONSTRAINT [IX_RssFeeds] UNIQUE NONCLUSTERED 
(
	[ID] ASC
)WITH (PAD_INDEX  = OFF, STATISTICS_NORECOMPUTE  = OFF, IGNORE_DUP_KEY = OFF, ALLOW_ROW_LOCKS  = ON, ALLOW_PAGE_LOCKS  = ON) ON [PRIMARY]
) ON [PRIMARY]
END
GO
IF NOT EXISTS (SELECT * FROM sys.indexes WHERE object_id = OBJECT_ID(N'[dbo].[RssFeeds]') AND name = N'Au_RssFeeds')
CREATE NONCLUSTERED INDEX [Au_RssFeeds] ON [dbo].[RssFeeds] 
(
	[Author] ASC
)WITH (PAD_INDEX  = OFF, STATISTICS_NORECOMPUTE  = OFF, SORT_IN_TEMPDB = OFF, IGNORE_DUP_KEY = OFF, DROP_EXISTING = OFF, ONLINE = OFF, ALLOW_ROW_LOCKS  = ON, ALLOW_PAGE_LOCKS  = ON) ON [PRIMARY]
GO
IF NOT EXISTS (SELECT * FROM sys.indexes WHERE object_id = OBJECT_ID(N'[dbo].[RssFeeds]') AND name = N'Rs_RssFeeds')
CREATE NONCLUSTERED INDEX [Rs_RssFeeds] ON [dbo].[RssFeeds] 
(
	[ResourceID] ASC
)WITH (PAD_INDEX  = OFF, STATISTICS_NORECOMPUTE  = OFF, SORT_IN_TEMPDB = OFF, IGNORE_DUP_KEY = OFF, DROP_EXISTING = OFF, ONLINE = OFF, ALLOW_ROW_LOCKS  = ON, ALLOW_PAGE_LOCKS  = ON) ON [PRIMARY]
GO
IF NOT EXISTS (SELECT * FROM sys.indexes WHERE object_id = OBJECT_ID(N'[dbo].[RssFeeds]') AND name = N'TX_RssFeeds')
CREATE NONCLUSTERED INDEX [TX_RssFeeds] ON [dbo].[RssFeeds] 
(
	[TitleHash] ASC
)WITH (PAD_INDEX  = OFF, STATISTICS_NORECOMPUTE  = OFF, SORT_IN_TEMPDB = OFF, IGNORE_DUP_KEY = OFF, DROP_EXISTING = OFF, ONLINE = OFF, ALLOW_ROW_LOCKS  = ON, ALLOW_PAGE_LOCKS  = ON) ON [PRIMARY]
GO
SET IDENTITY_INSERT [dbo].[RssFeeds] ON
INSERT [dbo].[RssFeeds] ([ID], [Url], [Title], [TitleHash], [Description], [ThumbnailUrl], [PublishDate], [Author], [ResourceID], [Score]) VALUES (1, N'http://www.cnet.com/news/lg-pins-mobile-comeback-on-two-new-phones/#ftag=CADe34d7bf', N'LG pins mobile comeback on two new phones - CNET', N'aa8063988780148dbe368061a4323cae', N'Will the phones do much to help LG in a market dominated by Apple and Samsung?<br clear=''all''/><br/><br/><a href="http://rc.feedsportal.com/r/247389460066/u/0/f/645438/c/34938/s/4d25697d/sc/15/rc/1/rc.htm" rel="nofollow"><img src="http://rc.feedsportal.com/r/247389460066/u/0/f/645438/c/34938/s/4d25697d/sc/15/rc/1/rc.img" border="0"/></a><br/><br/><a href="http://rc.feedsportal.com/r/247389460066/u/0/f/645438/c/34938/s/4d25697d/sc/15/rc/2/rc.htm" rel="nofollow"><img src="http://rc.feedsportal.com/r/247389460066/u/0/f/645438/c/34938/s/4d25697d/sc/15/rc/2/rc.img" border="0"/></a><br/><br/><a href="http://rc.feedsportal.com/r/247389460066/u/0/f/645438/c/34938/s/4d25697d/sc/15/rc/3/rc.htm" rel="nofollow"><img src="http://rc.feedsportal.com/r/247389460066/u/0/f/645438/c/34938/s/4d25697d/sc/15/rc/3/rc.img" border="0"/></a><br/><br/><a href="http://da.feedsportal.com/r/247389460066/u/0/f/645438/c/34938/s/4d25697d/sc/15/a2.htm"><img src="http://da.feedsportal.com/r/247389460066/u/0/f/645438/c/34938/s/4d25697d/sc/15/a2.img" border="0"/></a><br/><a href="http://adchoice.feedsportal.com/r/247389460066/u/0/f/645438/c/34938/s/4d25697d/sc/15/ach.htm"><img src="http://adchoice.feedsportal.com/r/247389460066/u/0/f/645438/c/34938/s/4d25697d/sc/15/ach.img" border="0"/></a><img width="1" height="1" src="http://pi.feedsportal.com/r/247389460066/u/0/f/645438/c/34938/s/4d25697d/sc/15/a2t.img" border="0"/><img width="1" height="1" src="http://pi2.feedsportal.com/r/247389460066/u/0/f/645438/c/34938/s/4d25697d/sc/15/a2t2.img" border="0"/><img width=''1'' height=''1'' src=''http://cnet.com.feedsportal.com/c/34938/f/645438/s/4d25697d/sc/15/mf.gif'' border=''0''/>', N'http://cnet4.cbsistatic.com/hub/i/r/2015/04/27/90bc7e1b-0b5b-492f-b4f5-91cab840defe/thumbnail/300x230/58737ed0b69d72bb01fd4ea5054e31cd/lg-g4-11.jpg', CAST(0x0000A59900000000 AS DateTime), N'Lance Whitney', 1, 0)
INSERT [dbo].[RssFeeds] ([ID], [Url], [Title], [TitleHash], [Description], [ThumbnailUrl], [PublishDate], [Author], [ResourceID], [Score]) VALUES (2, N'http://www.cnet.com/news/microsofts-android-alarm-app-wants-you-to-rise-shine-and-selfie/#ftag=CADe34d7bf', N'Microsoft''s Android alarm app wants you to rise, shine and selfie - CNET', N'b06ffd652ecd9a4ba01e9158b0d809f4', N'Microsoft wants to help reluctant sleepyheads wake up in the mornings with clever app-based games.<br clear=''all''/><br/><br/><a href="http://rc.feedsportal.com/r/247389083135/u/0/f/645438/c/34938/s/4d10c890/sc/15/rc/1/rc.htm" rel="nofollow"><img src="http://rc.feedsportal.com/r/247389083135/u/0/f/645438/c/34938/s/4d10c890/sc/15/rc/1/rc.img" border="0"/></a><br/><br/><a href="http://rc.feedsportal.com/r/247389083135/u/0/f/645438/c/34938/s/4d10c890/sc/15/rc/2/rc.htm" rel="nofollow"><img src="http://rc.feedsportal.com/r/247389083135/u/0/f/645438/c/34938/s/4d10c890/sc/15/rc/2/rc.img" border="0"/></a><br/><br/><a href="http://rc.feedsportal.com/r/247389083135/u/0/f/645438/c/34938/s/4d10c890/sc/15/rc/3/rc.htm" rel="nofollow"><img src="http://rc.feedsportal.com/r/247389083135/u/0/f/645438/c/34938/s/4d10c890/sc/15/rc/3/rc.img" border="0"/></a><br/><br/><a href="http://da.feedsportal.com/r/247389083135/u/0/f/645438/c/34938/s/4d10c890/sc/15/a2.htm"><img src="http://da.feedsportal.com/r/247389083135/u/0/f/645438/c/34938/s/4d10c890/sc/15/a2.img" border="0"/></a><br/><a href="http://adchoice.feedsportal.com/r/247389083135/u/0/f/645438/c/34938/s/4d10c890/sc/15/ach.htm"><img src="http://adchoice.feedsportal.com/r/247389083135/u/0/f/645438/c/34938/s/4d10c890/sc/15/ach.img" border="0"/></a><img width="1" height="1" src="http://pi.feedsportal.com/r/247389083135/u/0/f/645438/c/34938/s/4d10c890/sc/15/a2t.img" border="0"/><img width="1" height="1" src="http://pi2.feedsportal.com/r/247389083135/u/0/f/645438/c/34938/s/4d10c890/sc/15/a2t2.img" border="0"/><img width=''1'' height=''1'' src=''http://cnet.com.feedsportal.com/c/34938/f/645438/s/4d10c890/sc/15/mf.gif'' border=''0''/>', N'http://cnet4.cbsistatic.com/hub/i/r/2016/01/22/0d3ea576-db0c-4098-86bd-50a69a2c5aa8/thumbnail/300x230/1035fb13d2d36bde1ff1217c28a954dd/screen-shot-2016-01-22-at-18-31-35.png', CAST(0x0000A59500000000 AS DateTime), N'Katie Collins', 1, 0)
INSERT [dbo].[RssFeeds] ([ID], [Url], [Title], [TitleHash], [Description], [ThumbnailUrl], [PublishDate], [Author], [ResourceID], [Score]) VALUES (3, N'http://www.cnet.com/how-to/add-a-google-photos-shortcut-to-your-android-camera-app/#ftag=CADe34d7bf', N'Add a Google Photos shortcut to your Android camera app - CNET', N'6876cf80df102f1f930f2f551d1f64a0', N'Google Photos has a quick way to jump from your camera UI to your cloud-synced photos and videos. Read on to find out how to enable it.<br clear=''all''/><br/><br/><a href="http://rc.feedsportal.com/r/247388848201/u/0/f/645438/c/34938/s/4d041117/sc/15/rc/1/rc.htm" rel="nofollow"><img src="http://rc.feedsportal.com/r/247388848201/u/0/f/645438/c/34938/s/4d041117/sc/15/rc/1/rc.img" border="0"/></a><br/><br/><a href="http://rc.feedsportal.com/r/247388848201/u/0/f/645438/c/34938/s/4d041117/sc/15/rc/2/rc.htm" rel="nofollow"><img src="http://rc.feedsportal.com/r/247388848201/u/0/f/645438/c/34938/s/4d041117/sc/15/rc/2/rc.img" border="0"/></a><br/><br/><a href="http://rc.feedsportal.com/r/247388848201/u/0/f/645438/c/34938/s/4d041117/sc/15/rc/3/rc.htm" rel="nofollow"><img src="http://rc.feedsportal.com/r/247388848201/u/0/f/645438/c/34938/s/4d041117/sc/15/rc/3/rc.img" border="0"/></a><br/><br/><a href="http://da.feedsportal.com/r/247388848201/u/0/f/645438/c/34938/s/4d041117/sc/15/a2.htm"><img src="http://da.feedsportal.com/r/247388848201/u/0/f/645438/c/34938/s/4d041117/sc/15/a2.img" border="0"/></a><br/><a href="http://adchoice.feedsportal.com/r/247388848201/u/0/f/645438/c/34938/s/4d041117/sc/15/ach.htm"><img src="http://adchoice.feedsportal.com/r/247388848201/u/0/f/645438/c/34938/s/4d041117/sc/15/ach.img" border="0"/></a><img width="1" height="1" src="http://pi.feedsportal.com/r/247388848201/u/0/f/645438/c/34938/s/4d041117/sc/15/a2t.img" border="0"/><img width="1" height="1" src="http://pi2.feedsportal.com/r/247388848201/u/0/f/645438/c/34938/s/4d041117/sc/15/a2t2.img" border="0"/><img width=''1'' height=''1'' src=''http://cnet.com.feedsportal.com/c/34938/f/645438/s/4d041117/sc/15/mf.gif'' border=''0''/>', N'http://cnet4.cbsistatic.com/hub/i/r/2015/09/29/808a7132-4fe5-44c4-9add-60299a2cec7e/thumbnail/300x230/13f69fe810f5b4aa3315b5e13669aa9a/google-event-09292015-google-photos.jpg', CAST(0x0000A59400000000 AS DateTime), N'Nicole Cozma', 1, 0)
INSERT [dbo].[RssFeeds] ([ID], [Url], [Title], [TitleHash], [Description], [ThumbnailUrl], [PublishDate], [Author], [ResourceID], [Score]) VALUES (4, N'http://www.cnet.com/how-to/add-a-to-do-list-to-your-notification-shade-on-android/#ftag=CADe34d7bf', N'Add a to-do list to your notification shade on Android - CNET', N'5131c7a4d7957a186b859cf48f9d6064', N'Collateral will keep the tasks you need to complete in plain sight, giving you a better chance at getting things done.<br clear=''all''/><br/><br/><a href="http://rc.feedsportal.com/r/247388119546/u/0/f/645438/c/34938/s/4cddf133/sc/14/rc/1/rc.htm" rel="nofollow"><img src="http://rc.feedsportal.com/r/247388119546/u/0/f/645438/c/34938/s/4cddf133/sc/14/rc/1/rc.img" border="0"/></a><br/><br/><a href="http://rc.feedsportal.com/r/247388119546/u/0/f/645438/c/34938/s/4cddf133/sc/14/rc/2/rc.htm" rel="nofollow"><img src="http://rc.feedsportal.com/r/247388119546/u/0/f/645438/c/34938/s/4cddf133/sc/14/rc/2/rc.img" border="0"/></a><br/><br/><a href="http://rc.feedsportal.com/r/247388119546/u/0/f/645438/c/34938/s/4cddf133/sc/14/rc/3/rc.htm" rel="nofollow"><img src="http://rc.feedsportal.com/r/247388119546/u/0/f/645438/c/34938/s/4cddf133/sc/14/rc/3/rc.img" border="0"/></a><br/><br/><a href="http://da.feedsportal.com/r/247388119546/u/0/f/645438/c/34938/s/4cddf133/sc/14/a2.htm"><img src="http://da.feedsportal.com/r/247388119546/u/0/f/645438/c/34938/s/4cddf133/sc/14/a2.img" border="0"/></a><br/><a href="http://adchoice.feedsportal.com/r/247388119546/u/0/f/645438/c/34938/s/4cddf133/sc/14/ach.htm"><img src="http://adchoice.feedsportal.com/r/247388119546/u/0/f/645438/c/34938/s/4cddf133/sc/14/ach.img" border="0"/></a><img width="1" height="1" src="http://pi.feedsportal.com/r/247388119546/u/0/f/645438/c/34938/s/4cddf133/sc/14/a2t.img" border="0"/><img width="1" height="1" src="http://pi2.feedsportal.com/r/247388119546/u/0/f/645438/c/34938/s/4cddf133/sc/14/a2t2.img" border="0"/><img width=''1'' height=''1'' src=''http://cnet.com.feedsportal.com/c/34938/f/645438/s/4cddf133/sc/14/mf.gif'' border=''0''/>', N'http://cnet3.cbsistatic.com/hub/i/r/2016/01/14/ccb3ae5e-2a18-43dc-8755-63b606762ece/thumbnail/300x230/9d44ee87213740da17dc8794c87f5504/collateral.png', CAST(0x0000A58D00000000 AS DateTime), N'Nicole Cozma', 1, 0)
INSERT [dbo].[RssFeeds] ([ID], [Url], [Title], [TitleHash], [Description], [ThumbnailUrl], [PublishDate], [Author], [ResourceID], [Score]) VALUES (5, N'http://www.cnet.com/how-to/add-a-free-second-number-to-your-phone-with-sideline/#ftag=CADe34d7bf', N'Add a free second number to your phone with Sideline - CNET', N'72ca5dfb79d5ea10897b5ff953b5a89b', N'This free app is perfect for freelancers, small-business owners and others who want two lines but only one phone.<br clear=''all''/><br/><br/><a href="http://rc.feedsportal.com/r/247387515261/u/0/f/645438/c/34938/s/4cbbb341/sc/28/rc/1/rc.htm" rel="nofollow"><img src="http://rc.feedsportal.com/r/247387515261/u/0/f/645438/c/34938/s/4cbbb341/sc/28/rc/1/rc.img" border="0"/></a><br/><br/><a href="http://rc.feedsportal.com/r/247387515261/u/0/f/645438/c/34938/s/4cbbb341/sc/28/rc/2/rc.htm" rel="nofollow"><img src="http://rc.feedsportal.com/r/247387515261/u/0/f/645438/c/34938/s/4cbbb341/sc/28/rc/2/rc.img" border="0"/></a><br/><br/><a href="http://rc.feedsportal.com/r/247387515261/u/0/f/645438/c/34938/s/4cbbb341/sc/28/rc/3/rc.htm" rel="nofollow"><img src="http://rc.feedsportal.com/r/247387515261/u/0/f/645438/c/34938/s/4cbbb341/sc/28/rc/3/rc.img" border="0"/></a><br/><br/><a href="http://da.feedsportal.com/r/247387515261/u/0/f/645438/c/34938/s/4cbbb341/sc/28/a2.htm"><img src="http://da.feedsportal.com/r/247387515261/u/0/f/645438/c/34938/s/4cbbb341/sc/28/a2.img" border="0"/></a><br/><a href="http://adchoice.feedsportal.com/r/247387515261/u/0/f/645438/c/34938/s/4cbbb341/sc/28/ach.htm"><img src="http://adchoice.feedsportal.com/r/247387515261/u/0/f/645438/c/34938/s/4cbbb341/sc/28/ach.img" border="0"/></a><img width="1" height="1" src="http://pi.feedsportal.com/r/247387515261/u/0/f/645438/c/34938/s/4cbbb341/sc/28/a2t.img" border="0"/><img width="1" height="1" src="http://pi2.feedsportal.com/r/247387515261/u/0/f/645438/c/34938/s/4cbbb341/sc/28/a2t2.img" border="0"/><img width=''1'' height=''1'' src=''http://cnet.com.feedsportal.com/c/34938/f/645438/s/4cbbb341/sc/28/mf.gif'' border=''0''/>', N'http://cnet3.cbsistatic.com/hub/i/r/2016/01/08/2603edd9-4f87-485e-9018-96142376c893/thumbnail/300x230/14e92fe72f5943c8c74eb5f731631768/sideline-pick-number.jpg', CAST(0x0000A58B00000000 AS DateTime), N'Rick Broida', 1, 0)
INSERT [dbo].[RssFeeds] ([ID], [Url], [Title], [TitleHash], [Description], [ThumbnailUrl], [PublishDate], [Author], [ResourceID], [Score]) VALUES (6, N'http://www.cnet.com/how-to/replace-default-contact-photos-on-android-with-micopi/#ftag=CADe34d7bf', N'Replace default contact photos on Android with Micopi - CNET', N'17ba4bb98a2dd4e305209ca1ea2e7ce5', N'​Micopi can generate brightly colored images to replace boring default contact photos.<br clear=''all''/><br/><br/><a href="http://rc.feedsportal.com/r/247387757080/u/0/f/645438/c/34938/s/4cc8f9a3/sc/15/rc/1/rc.htm" rel="nofollow"><img src="http://rc.feedsportal.com/r/247387757080/u/0/f/645438/c/34938/s/4cc8f9a3/sc/15/rc/1/rc.img" border="0"/></a><br/><br/><a href="http://rc.feedsportal.com/r/247387757080/u/0/f/645438/c/34938/s/4cc8f9a3/sc/15/rc/2/rc.htm" rel="nofollow"><img src="http://rc.feedsportal.com/r/247387757080/u/0/f/645438/c/34938/s/4cc8f9a3/sc/15/rc/2/rc.img" border="0"/></a><br/><br/><a href="http://rc.feedsportal.com/r/247387757080/u/0/f/645438/c/34938/s/4cc8f9a3/sc/15/rc/3/rc.htm" rel="nofollow"><img src="http://rc.feedsportal.com/r/247387757080/u/0/f/645438/c/34938/s/4cc8f9a3/sc/15/rc/3/rc.img" border="0"/></a><br/><br/><a href="http://da.feedsportal.com/r/247387757080/u/0/f/645438/c/34938/s/4cc8f9a3/sc/15/a2.htm"><img src="http://da.feedsportal.com/r/247387757080/u/0/f/645438/c/34938/s/4cc8f9a3/sc/15/a2.img" border="0"/></a><br/><a href="http://adchoice.feedsportal.com/r/247387757080/u/0/f/645438/c/34938/s/4cc8f9a3/sc/15/ach.htm"><img src="http://adchoice.feedsportal.com/r/247387757080/u/0/f/645438/c/34938/s/4cc8f9a3/sc/15/ach.img" border="0"/></a><img width="1" height="1" src="http://pi.feedsportal.com/r/247387757080/u/0/f/645438/c/34938/s/4cc8f9a3/sc/15/a2t.img" border="0"/><img width="1" height="1" src="http://pi2.feedsportal.com/r/247387757080/u/0/f/645438/c/34938/s/4cc8f9a3/sc/15/a2t2.img" border="0"/><img width=''1'' height=''1'' src=''http://cnet.com.feedsportal.com/c/34938/f/645438/s/4cc8f9a3/sc/15/mf.gif'' border=''0''/>', N'http://cnet3.cbsistatic.com/hub/i/r/2016/01/09/a5538109-f5a5-4c5c-bafb-e4dad9e72c04/thumbnail/300x230/c2f078e58d0cc12bc980dd02d61d61ed/micopi1.png', CAST(0x0000A58A00000000 AS DateTime), N'Nicole Cozma', 1, 0)
INSERT [dbo].[RssFeeds] ([ID], [Url], [Title], [TitleHash], [Description], [ThumbnailUrl], [PublishDate], [Author], [ResourceID], [Score]) VALUES (7, N'http://www.cnet.com/news/android-6-0-marshmallow-still-on-less-than-1-percent-of-android-devices/#ftag=CADe34d7bf', N'Android''s latest version is still hard to come by - CNET', N'df47a0067f2fa5e050450f835cbb2c25', N'Android Marshmallow, the latest flavor of Google''s mobile operating system, launched in October but is still on less than 1 percent of all Android devices.<br clear=''all''/><br/><br/><a href="http://rc.feedsportal.com/r/247387289827/u/0/f/645438/c/34938/s/4caf8ff4/sc/23/rc/1/rc.htm" rel="nofollow"><img src="http://rc.feedsportal.com/r/247387289827/u/0/f/645438/c/34938/s/4caf8ff4/sc/23/rc/1/rc.img" border="0"/></a><br/><br/><a href="http://rc.feedsportal.com/r/247387289827/u/0/f/645438/c/34938/s/4caf8ff4/sc/23/rc/2/rc.htm" rel="nofollow"><img src="http://rc.feedsportal.com/r/247387289827/u/0/f/645438/c/34938/s/4caf8ff4/sc/23/rc/2/rc.img" border="0"/></a><br/><br/><a href="http://rc.feedsportal.com/r/247387289827/u/0/f/645438/c/34938/s/4caf8ff4/sc/23/rc/3/rc.htm" rel="nofollow"><img src="http://rc.feedsportal.com/r/247387289827/u/0/f/645438/c/34938/s/4caf8ff4/sc/23/rc/3/rc.img" border="0"/></a><br/><br/><a href="http://da.feedsportal.com/r/247387289827/u/0/f/645438/c/34938/s/4caf8ff4/sc/23/a2.htm"><img src="http://da.feedsportal.com/r/247387289827/u/0/f/645438/c/34938/s/4caf8ff4/sc/23/a2.img" border="0"/></a><br/><a href="http://adchoice.feedsportal.com/r/247387289827/u/0/f/645438/c/34938/s/4caf8ff4/sc/23/ach.htm"><img src="http://adchoice.feedsportal.com/r/247387289827/u/0/f/645438/c/34938/s/4caf8ff4/sc/23/ach.img" border="0"/></a><img width="1" height="1" src="http://pi.feedsportal.com/r/247387289827/u/0/f/645438/c/34938/s/4caf8ff4/sc/23/a2t.img" border="0"/><img width="1" height="1" src="http://pi2.feedsportal.com/r/247387289827/u/0/f/645438/c/34938/s/4caf8ff4/sc/23/a2t2.img" border="0"/><img width=''1'' height=''1'' src=''http://cnet.com.feedsportal.com/c/34938/f/645438/s/4caf8ff4/sc/23/mf.gif'' border=''0''/>', N'http://cnet3.cbsistatic.com/hub/i/r/2015/08/21/b31e9754-f690-4c87-818c-fc5e2997b231/thumbnail/300x230/cd6491b1c91fa5d6bd560c77df5d02bb/google-android-marshmallow-5.jpg', CAST(0x0000A58500000000 AS DateTime), N'Lance Whitney', 1, 0)
INSERT [dbo].[RssFeeds] ([ID], [Url], [Title], [TitleHash], [Description], [ThumbnailUrl], [PublishDate], [Author], [ResourceID], [Score]) VALUES (8, N'http://www.cnet.com/news/android-6-0-marshmallow-still-on-less-than-1-of-android-devices/#ftag=CADe34d7bf', N'Android''s latest version still finding users very hard to come by - CNET', N'7e8e6932a8660d25687b34f84e31b21a', N'Android Marshmallow, the latest flavor of Google''s mobile operating system, launched in October but is still on less than 1 percent of all Android devices.<br clear=''all''/><br/><br/><a href="http://rc.feedsportal.com/r/247387286696/u/0/f/645438/c/34938/s/4caf3da9/sc/15/rc/1/rc.htm" rel="nofollow"><img src="http://rc.feedsportal.com/r/247387286696/u/0/f/645438/c/34938/s/4caf3da9/sc/15/rc/1/rc.img" border="0"/></a><br/><br/><a href="http://rc.feedsportal.com/r/247387286696/u/0/f/645438/c/34938/s/4caf3da9/sc/15/rc/2/rc.htm" rel="nofollow"><img src="http://rc.feedsportal.com/r/247387286696/u/0/f/645438/c/34938/s/4caf3da9/sc/15/rc/2/rc.img" border="0"/></a><br/><br/><a href="http://rc.feedsportal.com/r/247387286696/u/0/f/645438/c/34938/s/4caf3da9/sc/15/rc/3/rc.htm" rel="nofollow"><img src="http://rc.feedsportal.com/r/247387286696/u/0/f/645438/c/34938/s/4caf3da9/sc/15/rc/3/rc.img" border="0"/></a><br/><br/><a href="http://da.feedsportal.com/r/247387286696/u/0/f/645438/c/34938/s/4caf3da9/sc/15/a2.htm"><img src="http://da.feedsportal.com/r/247387286696/u/0/f/645438/c/34938/s/4caf3da9/sc/15/a2.img" border="0"/></a><br/><a href="http://adchoice.feedsportal.com/r/247387286696/u/0/f/645438/c/34938/s/4caf3da9/sc/15/ach.htm"><img src="http://adchoice.feedsportal.com/r/247387286696/u/0/f/645438/c/34938/s/4caf3da9/sc/15/ach.img" border="0"/></a><img width="1" height="1" src="http://pi.feedsportal.com/r/247387286696/u/0/f/645438/c/34938/s/4caf3da9/sc/15/a2t.img" border="0"/><img width="1" height="1" src="http://pi2.feedsportal.com/r/247387286696/u/0/f/645438/c/34938/s/4caf3da9/sc/15/a2t2.img" border="0"/><img width=''1'' height=''1'' src=''http://cnet.com.feedsportal.com/c/34938/f/645438/s/4caf3da9/sc/15/mf.gif'' border=''0''/>', N'http://cnet3.cbsistatic.com/hub/i/r/2015/08/21/b31e9754-f690-4c87-818c-fc5e2997b231/thumbnail/300x230/cd6491b1c91fa5d6bd560c77df5d02bb/google-android-marshmallow-5.jpg', CAST(0x0000A58500000000 AS DateTime), N'Lance Whitney', 1, 0)
INSERT [dbo].[RssFeeds] ([ID], [Url], [Title], [TitleHash], [Description], [ThumbnailUrl], [PublishDate], [Author], [ResourceID], [Score]) VALUES (9, N'http://www.cnet.com/pictures/10-tips-for-organizing-gmail/#ftag=CADe34d7bf', N'13 tips for organizing your Gmail - CNET', N'85c4a1ea0a3488f6cfa8f152eae38b14', N'Your inbox is a mess. Here''s how you can fix that.<br clear=''all''/><br/><br/><a href="http://rc.feedsportal.com/r/247386687848/u/0/f/645438/c/34938/s/4c8e84c5/sc/36/rc/1/rc.htm" rel="nofollow"><img src="http://rc.feedsportal.com/r/247386687848/u/0/f/645438/c/34938/s/4c8e84c5/sc/36/rc/1/rc.img" border="0"/></a><br/><br/><a href="http://rc.feedsportal.com/r/247386687848/u/0/f/645438/c/34938/s/4c8e84c5/sc/36/rc/2/rc.htm" rel="nofollow"><img src="http://rc.feedsportal.com/r/247386687848/u/0/f/645438/c/34938/s/4c8e84c5/sc/36/rc/2/rc.img" border="0"/></a><br/><br/><a href="http://rc.feedsportal.com/r/247386687848/u/0/f/645438/c/34938/s/4c8e84c5/sc/36/rc/3/rc.htm" rel="nofollow"><img src="http://rc.feedsportal.com/r/247386687848/u/0/f/645438/c/34938/s/4c8e84c5/sc/36/rc/3/rc.img" border="0"/></a><br/><br/><a href="http://da.feedsportal.com/r/247386687848/u/0/f/645438/c/34938/s/4c8e84c5/sc/36/a2.htm"><img src="http://da.feedsportal.com/r/247386687848/u/0/f/645438/c/34938/s/4c8e84c5/sc/36/a2.img" border="0"/></a><br/><a href="http://adchoice.feedsportal.com/r/247386687848/u/0/f/645438/c/34938/s/4c8e84c5/sc/36/ach.htm"><img src="http://adchoice.feedsportal.com/r/247386687848/u/0/f/645438/c/34938/s/4c8e84c5/sc/36/ach.img" border="0"/></a><img width="1" height="1" src="http://pi.feedsportal.com/r/247386687848/u/0/f/645438/c/34938/s/4c8e84c5/sc/36/a2t.img" border="0"/><img width="1" height="1" src="http://pi2.feedsportal.com/r/247386687848/u/0/f/645438/c/34938/s/4c8e84c5/sc/36/a2t2.img" border="0"/><img width=''1'' height=''1'' src=''http://cnet.com.feedsportal.com/c/34938/f/645438/s/4c8e84c5/sc/36/mf.gif'' border=''0''/>', N'http://cnet3.cbsistatic.com/hub/i/r/2014/12/28/2b8712bc-d5c4-48b5-8e03-7cd2e18e74b7/thumbnail/300x230/0e39ffba9868c1f2b65e23c93ce20440/dsc0217edited.jpg', CAST(0x0000A5990166ADFF AS DateTime), N'Sarah Jacobsson Purewal', 1, 0)
INSERT [dbo].[RssFeeds] ([ID], [Url], [Title], [TitleHash], [Description], [ThumbnailUrl], [PublishDate], [Author], [ResourceID], [Score]) VALUES (10, N'http://www.cnet.com/news/hands-on-with-the-homido-mini-clip-on-vr-glasses/#ftag=CADe34d7bf', N'Hands-on with the Homido Mini clip-on VR glasses - CNET', N'77e91ae085163a1db66610bc10a5cae6', N'Designed for quick-fix VR, this is so much easier to use than Google Cardboard -- but do you get the same virtual-reality experience?<br clear=''all''/><br/><br/><a href="http://rc.feedsportal.com/r/247386589106/u/0/f/645438/c/34938/s/4c895ca1/sc/15/rc/1/rc.htm" rel="nofollow"><img src="http://rc.feedsportal.com/r/247386589106/u/0/f/645438/c/34938/s/4c895ca1/sc/15/rc/1/rc.img" border="0"/></a><br/><br/><a href="http://rc.feedsportal.com/r/247386589106/u/0/f/645438/c/34938/s/4c895ca1/sc/15/rc/2/rc.htm" rel="nofollow"><img src="http://rc.feedsportal.com/r/247386589106/u/0/f/645438/c/34938/s/4c895ca1/sc/15/rc/2/rc.img" border="0"/></a><br/><br/><a href="http://rc.feedsportal.com/r/247386589106/u/0/f/645438/c/34938/s/4c895ca1/sc/15/rc/3/rc.htm" rel="nofollow"><img src="http://rc.feedsportal.com/r/247386589106/u/0/f/645438/c/34938/s/4c895ca1/sc/15/rc/3/rc.img" border="0"/></a><br/><br/><a href="http://da.feedsportal.com/r/247386589106/u/0/f/645438/c/34938/s/4c895ca1/sc/15/a2.htm"><img src="http://da.feedsportal.com/r/247386589106/u/0/f/645438/c/34938/s/4c895ca1/sc/15/a2.img" border="0"/></a><br/><a href="http://adchoice.feedsportal.com/r/247386589106/u/0/f/645438/c/34938/s/4c895ca1/sc/15/ach.htm"><img src="http://adchoice.feedsportal.com/r/247386589106/u/0/f/645438/c/34938/s/4c895ca1/sc/15/ach.img" border="0"/></a><img width="1" height="1" src="http://pi.feedsportal.com/r/247386589106/u/0/f/645438/c/34938/s/4c895ca1/sc/15/a2t.img" border="0"/><img width="1" height="1" src="http://pi2.feedsportal.com/r/247386589106/u/0/f/645438/c/34938/s/4c895ca1/sc/15/a2t2.img" border="0"/><img width=''1'' height=''1'' src=''http://cnet.com.feedsportal.com/c/34938/f/645438/s/4c895ca1/sc/15/mf.gif'' border=''0''/>', N'http://cnet4.cbsistatic.com/hub/i/r/2015/12/28/4ae9c312-e4fd-44d7-9877-0c00ebcf0dca/thumbnail/300x230/92f64f578bcb105d2ae3535fb0b9936c/homido-mini.jpg', CAST(0x0000A5990166ADFF AS DateTime), N'Rick Broida', 1, 0)
INSERT [dbo].[RssFeeds] ([ID], [Url], [Title], [TitleHash], [Description], [ThumbnailUrl], [PublishDate], [Author], [ResourceID], [Score]) VALUES (11, N'http://www.cnet.com/how-to/getting-started-with-your-new-android/#ftag=CADe34d7bf', N'Getting started with your new Android phone - CNET', N'3fa6da2f16e7896a43310c32bad58999', N'Here''s your guide to the right way to set up your new shiny Android phone or tablet.<br clear=''all''/><br/><br/><a href="http://rc.feedsportal.com/r/247386264156/u/0/f/645438/c/34938/s/4c770f2d/sc/23/rc/1/rc.htm" rel="nofollow"><img src="http://rc.feedsportal.com/r/247386264156/u/0/f/645438/c/34938/s/4c770f2d/sc/23/rc/1/rc.img" border="0"/></a><br/><br/><a href="http://rc.feedsportal.com/r/247386264156/u/0/f/645438/c/34938/s/4c770f2d/sc/23/rc/2/rc.htm" rel="nofollow"><img src="http://rc.feedsportal.com/r/247386264156/u/0/f/645438/c/34938/s/4c770f2d/sc/23/rc/2/rc.img" border="0"/></a><br/><br/><a href="http://rc.feedsportal.com/r/247386264156/u/0/f/645438/c/34938/s/4c770f2d/sc/23/rc/3/rc.htm" rel="nofollow"><img src="http://rc.feedsportal.com/r/247386264156/u/0/f/645438/c/34938/s/4c770f2d/sc/23/rc/3/rc.img" border="0"/></a><br/><br/><a href="http://da.feedsportal.com/r/247386264156/u/0/f/645438/c/34938/s/4c770f2d/sc/23/a2.htm"><img src="http://da.feedsportal.com/r/247386264156/u/0/f/645438/c/34938/s/4c770f2d/sc/23/a2.img" border="0"/></a><br/><a href="http://adchoice.feedsportal.com/r/247386264156/u/0/f/645438/c/34938/s/4c770f2d/sc/23/ach.htm"><img src="http://adchoice.feedsportal.com/r/247386264156/u/0/f/645438/c/34938/s/4c770f2d/sc/23/ach.img" border="0"/></a><img width="1" height="1" src="http://pi.feedsportal.com/r/247386264156/u/0/f/645438/c/34938/s/4c770f2d/sc/23/a2t.img" border="0"/><img width="1" height="1" src="http://pi2.feedsportal.com/r/247386264156/u/0/f/645438/c/34938/s/4c770f2d/sc/23/a2t2.img" border="0"/><img width=''1'' height=''1'' src=''http://cnet.com.feedsportal.com/c/34938/f/645438/s/4c770f2d/sc/23/mf.gif'' border=''0''/>', N'http://cnet3.cbsistatic.com/hub/i/r/2014/12/22/46330971-16c0-4fa8-81d3-57432933da5d/thumbnail/300x230/870a118f35eb78dc52d46c2d4baf0c75/android-phones-8278.jpg', CAST(0x0000A5990166ADFF AS DateTime), N'Sarah Mitroff', 1, 0)
INSERT [dbo].[RssFeeds] ([ID], [Url], [Title], [TitleHash], [Description], [ThumbnailUrl], [PublishDate], [Author], [ResourceID], [Score]) VALUES (12, N'http://www.cnet.com/news/microsoft-ditches-hey-cortana-voice-feature-for-android-app/#ftag=CADe34d7bf', N'Microsoft drops ''Hey Cortana'' voice launch in Android app - CNET', N'8571b0455bb8e0f9181cbdfb6f77332d', N'The tweak, which Microsoft says is temporary, means that you need to open the voice assistant via a finger tap and that Microsoft loses a competitive edge against Google Now.<br clear=''all''/><br/><br/><a href="http://rc.feedsportal.com/r/247386021748/u/0/f/645438/c/34938/s/4c69703b/sc/15/rc/1/rc.htm" rel="nofollow"><img src="http://rc.feedsportal.com/r/247386021748/u/0/f/645438/c/34938/s/4c69703b/sc/15/rc/1/rc.img" border="0"/></a><br/><br/><a href="http://rc.feedsportal.com/r/247386021748/u/0/f/645438/c/34938/s/4c69703b/sc/15/rc/2/rc.htm" rel="nofollow"><img src="http://rc.feedsportal.com/r/247386021748/u/0/f/645438/c/34938/s/4c69703b/sc/15/rc/2/rc.img" border="0"/></a><br/><br/><a href="http://rc.feedsportal.com/r/247386021748/u/0/f/645438/c/34938/s/4c69703b/sc/15/rc/3/rc.htm" rel="nofollow"><img src="http://rc.feedsportal.com/r/247386021748/u/0/f/645438/c/34938/s/4c69703b/sc/15/rc/3/rc.img" border="0"/></a><br/><br/><a href="http://da.feedsportal.com/r/247386021748/u/0/f/645438/c/34938/s/4c69703b/sc/15/a2.htm"><img src="http://da.feedsportal.com/r/247386021748/u/0/f/645438/c/34938/s/4c69703b/sc/15/a2.img" border="0"/></a><br/><a href="http://adchoice.feedsportal.com/r/247386021748/u/0/f/645438/c/34938/s/4c69703b/sc/15/ach.htm"><img src="http://adchoice.feedsportal.com/r/247386021748/u/0/f/645438/c/34938/s/4c69703b/sc/15/ach.img" border="0"/></a><img width="1" height="1" src="http://pi.feedsportal.com/r/247386021748/u/0/f/645438/c/34938/s/4c69703b/sc/15/a2t.img" border="0"/><img width="1" height="1" src="http://pi2.feedsportal.com/r/247386021748/u/0/f/645438/c/34938/s/4c69703b/sc/15/a2t2.img" border="0"/><img width=''1'' height=''1'' src=''http://cnet.com.feedsportal.com/c/34938/f/645438/s/4c69703b/sc/15/mf.gif'' border=''0''/>', N'http://cnet3.cbsistatic.com/hub/i/r/2015/08/24/d92d5c92-973b-488b-a2c9-c2c17afdaf49/thumbnail/300x230/fe68721c50becdf5d6b660de28a52cc4/cortana-on-android.jpg', CAST(0x0000A5990166ADFF AS DateTime), N'Lance Whitney', 1, 0)
INSERT [dbo].[RssFeeds] ([ID], [Url], [Title], [TitleHash], [Description], [ThumbnailUrl], [PublishDate], [Author], [ResourceID], [Score]) VALUES (13, N'http://www.cnet.com/news/samsung-unveils-128-gigabyte-version-of-galaxy-note-5/#ftag=CADe34d7bf', N'Samsung bumps up Galaxy Note 5 to 128 gigabytes - CNET', N'061143294a354e5f75a1b33b61f559fe', N'The special edition of the phone is available only in South Korea, though, at least for now.<br clear=''all''/><br/><br/><a href="http://rc.feedsportal.com/r/247385669938/u/0/f/645438/c/34938/s/4c562261/sc/15/rc/1/rc.htm" rel="nofollow"><img src="http://rc.feedsportal.com/r/247385669938/u/0/f/645438/c/34938/s/4c562261/sc/15/rc/1/rc.img" border="0"/></a><br/><br/><a href="http://rc.feedsportal.com/r/247385669938/u/0/f/645438/c/34938/s/4c562261/sc/15/rc/2/rc.htm" rel="nofollow"><img src="http://rc.feedsportal.com/r/247385669938/u/0/f/645438/c/34938/s/4c562261/sc/15/rc/2/rc.img" border="0"/></a><br/><br/><a href="http://rc.feedsportal.com/r/247385669938/u/0/f/645438/c/34938/s/4c562261/sc/15/rc/3/rc.htm" rel="nofollow"><img src="http://rc.feedsportal.com/r/247385669938/u/0/f/645438/c/34938/s/4c562261/sc/15/rc/3/rc.img" border="0"/></a><br/><br/><a href="http://da.feedsportal.com/r/247385669938/u/0/f/645438/c/34938/s/4c562261/sc/15/a2.htm"><img src="http://da.feedsportal.com/r/247385669938/u/0/f/645438/c/34938/s/4c562261/sc/15/a2.img" border="0"/></a><br/><a href="http://adchoice.feedsportal.com/r/247385669938/u/0/f/645438/c/34938/s/4c562261/sc/15/ach.htm"><img src="http://adchoice.feedsportal.com/r/247385669938/u/0/f/645438/c/34938/s/4c562261/sc/15/ach.img" border="0"/></a><img width="1" height="1" src="http://pi.feedsportal.com/r/247385669938/u/0/f/645438/c/34938/s/4c562261/sc/15/a2t.img" border="0"/><img width="1" height="1" src="http://pi2.feedsportal.com/r/247385669938/u/0/f/645438/c/34938/s/4c562261/sc/15/a2t2.img" border="0"/><img width=''1'' height=''1'' src=''http://cnet.com.feedsportal.com/c/34938/f/645438/s/4c562261/sc/15/mf.gif'' border=''0''/>', N'http://cnet3.cbsistatic.com/hub/i/r/2015/12/18/eef2e6ff-40e7-4106-b9a0-d41b89040016/thumbnail/300x230/128b9d06a04e8235237838129cb49345/galaxy-note5-128gb.jpg', CAST(0x0000A5990166ADFF AS DateTime), N'Lance Whitney', 1, 0)
INSERT [dbo].[RssFeeds] ([ID], [Url], [Title], [TitleHash], [Description], [ThumbnailUrl], [PublishDate], [Author], [ResourceID], [Score]) VALUES (14, N'http://www.cnet.com/news/google-holiday-sale-cuts-price-on-nexus-6p-phone-by-50/#ftag=CADe34d7bf', N'Google holiday sale cuts Nexus 6P price by $50 - CNET', N'c90e20035c9984cca0adb086e4c899db', N'The deal also throws in free overnight shipping. Plus, Nexus phones aren''t the only items on sale through Google this season.<br clear=''all''/><br/><br/><a href="http://rc.feedsportal.com/r/247385537774/u/0/f/645438/c/34938/s/4c4f2388/sc/28/rc/1/rc.htm" rel="nofollow"><img src="http://rc.feedsportal.com/r/247385537774/u/0/f/645438/c/34938/s/4c4f2388/sc/28/rc/1/rc.img" border="0"/></a><br/><br/><a href="http://rc.feedsportal.com/r/247385537774/u/0/f/645438/c/34938/s/4c4f2388/sc/28/rc/2/rc.htm" rel="nofollow"><img src="http://rc.feedsportal.com/r/247385537774/u/0/f/645438/c/34938/s/4c4f2388/sc/28/rc/2/rc.img" border="0"/></a><br/><br/><a href="http://rc.feedsportal.com/r/247385537774/u/0/f/645438/c/34938/s/4c4f2388/sc/28/rc/3/rc.htm" rel="nofollow"><img src="http://rc.feedsportal.com/r/247385537774/u/0/f/645438/c/34938/s/4c4f2388/sc/28/rc/3/rc.img" border="0"/></a><br/><br/><a href="http://da.feedsportal.com/r/247385537774/u/0/f/645438/c/34938/s/4c4f2388/sc/28/a2.htm"><img src="http://da.feedsportal.com/r/247385537774/u/0/f/645438/c/34938/s/4c4f2388/sc/28/a2.img" border="0"/></a><br/><a href="http://adchoice.feedsportal.com/r/247385537774/u/0/f/645438/c/34938/s/4c4f2388/sc/28/ach.htm"><img src="http://adchoice.feedsportal.com/r/247385537774/u/0/f/645438/c/34938/s/4c4f2388/sc/28/ach.img" border="0"/></a><img width="1" height="1" src="http://pi.feedsportal.com/r/247385537774/u/0/f/645438/c/34938/s/4c4f2388/sc/28/a2t.img" border="0"/><img width="1" height="1" src="http://pi2.feedsportal.com/r/247385537774/u/0/f/645438/c/34938/s/4c4f2388/sc/28/a2t2.img" border="0"/><img width=''1'' height=''1'' src=''http://cnet.com.feedsportal.com/c/34938/f/645438/s/4c4f2388/sc/28/mf.gif'' border=''0''/>', N'http://cnet4.cbsistatic.com/hub/i/r/2015/10/22/75a08bf7-6145-4071-8764-90351aef984f/thumbnail/300x230/b4b1f5bbeaef1c25d518e74f30e87ee9/google-nexus-6p-2069-001.jpg', CAST(0x0000A5990166ADFF AS DateTime), N'Lance Whitney', 1, 0)
INSERT [dbo].[RssFeeds] ([ID], [Url], [Title], [TitleHash], [Description], [ThumbnailUrl], [PublishDate], [Author], [ResourceID], [Score]) VALUES (15, N'http://www.cnet.com/how-to/how-to-take-screenshots-with-google-now-on-tap/#ftag=CADe34d7bf', N'How to take screenshots with Google Now on Tap - CNET', N'7fa67752aed1600110f9519e3035182e', N'Skip the simultaneous button pressing for screenshots and let Google Now on Tap do the work for you.<br clear=''all''/><br/><br/><a href="http://rc.feedsportal.com/r/247385514742/u/0/f/645438/c/34938/s/4c4dea7a/sc/15/rc/1/rc.htm" rel="nofollow"><img src="http://rc.feedsportal.com/r/247385514742/u/0/f/645438/c/34938/s/4c4dea7a/sc/15/rc/1/rc.img" border="0"/></a><br/><br/><a href="http://rc.feedsportal.com/r/247385514742/u/0/f/645438/c/34938/s/4c4dea7a/sc/15/rc/2/rc.htm" rel="nofollow"><img src="http://rc.feedsportal.com/r/247385514742/u/0/f/645438/c/34938/s/4c4dea7a/sc/15/rc/2/rc.img" border="0"/></a><br/><br/><a href="http://rc.feedsportal.com/r/247385514742/u/0/f/645438/c/34938/s/4c4dea7a/sc/15/rc/3/rc.htm" rel="nofollow"><img src="http://rc.feedsportal.com/r/247385514742/u/0/f/645438/c/34938/s/4c4dea7a/sc/15/rc/3/rc.img" border="0"/></a><br/><br/><a href="http://da.feedsportal.com/r/247385514742/u/0/f/645438/c/34938/s/4c4dea7a/sc/15/a2.htm"><img src="http://da.feedsportal.com/r/247385514742/u/0/f/645438/c/34938/s/4c4dea7a/sc/15/a2.img" border="0"/></a><br/><a href="http://adchoice.feedsportal.com/r/247385514742/u/0/f/645438/c/34938/s/4c4dea7a/sc/15/ach.htm"><img src="http://adchoice.feedsportal.com/r/247385514742/u/0/f/645438/c/34938/s/4c4dea7a/sc/15/ach.img" border="0"/></a><img width="1" height="1" src="http://pi.feedsportal.com/r/247385514742/u/0/f/645438/c/34938/s/4c4dea7a/sc/15/a2t.img" border="0"/><img width="1" height="1" src="http://pi2.feedsportal.com/r/247385514742/u/0/f/645438/c/34938/s/4c4dea7a/sc/15/a2t2.img" border="0"/><img width=''1'' height=''1'' src=''http://cnet.com.feedsportal.com/c/34938/f/645438/s/4c4dea7a/sc/15/mf.gif'' border=''0''/>', N'http://cnet3.cbsistatic.com/hub/i/r/2015/12/17/fa214ce9-192f-4725-8ab5-f2202a25399f/thumbnail/300x230/90590c1d03579acc9dbc512c04a36ac3/googlenowontap.jpg', CAST(0x0000A5990166ADFF AS DateTime), N'Nicole Cozma', 1, 0)
INSERT [dbo].[RssFeeds] ([ID], [Url], [Title], [TitleHash], [Description], [ThumbnailUrl], [PublishDate], [Author], [ResourceID], [Score]) VALUES (16, N'http://www.cnet.com/how-to/get-the-new-night-light-mode-in-google-play-books/#ftag=CADe34d7bf', N'Get the new Night Light mode in Google Play Books - CNET', N'2004b34d3f8c75bdf54db7077abf79e5', N'Google is introducing a new reading mode to reduce eyestrain during the darker hours of the day.<br clear=''all''/><br/><br/><a href="http://rc.feedsportal.com/r/247385317560/u/0/f/645438/c/34938/s/4c4347da/sc/15/rc/1/rc.htm" rel="nofollow"><img src="http://rc.feedsportal.com/r/247385317560/u/0/f/645438/c/34938/s/4c4347da/sc/15/rc/1/rc.img" border="0"/></a><br/><br/><a href="http://rc.feedsportal.com/r/247385317560/u/0/f/645438/c/34938/s/4c4347da/sc/15/rc/2/rc.htm" rel="nofollow"><img src="http://rc.feedsportal.com/r/247385317560/u/0/f/645438/c/34938/s/4c4347da/sc/15/rc/2/rc.img" border="0"/></a><br/><br/><a href="http://rc.feedsportal.com/r/247385317560/u/0/f/645438/c/34938/s/4c4347da/sc/15/rc/3/rc.htm" rel="nofollow"><img src="http://rc.feedsportal.com/r/247385317560/u/0/f/645438/c/34938/s/4c4347da/sc/15/rc/3/rc.img" border="0"/></a><br/><br/><a href="http://da.feedsportal.com/r/247385317560/u/0/f/645438/c/34938/s/4c4347da/sc/15/a2.htm"><img src="http://da.feedsportal.com/r/247385317560/u/0/f/645438/c/34938/s/4c4347da/sc/15/a2.img" border="0"/></a><br/><a href="http://adchoice.feedsportal.com/r/247385317560/u/0/f/645438/c/34938/s/4c4347da/sc/15/ach.htm"><img src="http://adchoice.feedsportal.com/r/247385317560/u/0/f/645438/c/34938/s/4c4347da/sc/15/ach.img" border="0"/></a><img width="1" height="1" src="http://pi.feedsportal.com/r/247385317560/u/0/f/645438/c/34938/s/4c4347da/sc/15/a2t.img" border="0"/><img width="1" height="1" src="http://pi2.feedsportal.com/r/247385317560/u/0/f/645438/c/34938/s/4c4347da/sc/15/a2t2.img" border="0"/><img width=''1'' height=''1'' src=''http://cnet.com.feedsportal.com/c/34938/f/645438/s/4c4347da/sc/15/mf.gif'' border=''0''/>', N'http://cnet4.cbsistatic.com/hub/i/r/2015/12/16/ebe6a729-f119-4afc-8314-3edaadf4d364/thumbnail/300x230/f658c9ae502ce70b87c4ac98be454a90/gbooks-nightlight.png', CAST(0x0000A5990166ADFF AS DateTime), N'Nicole Cozma', 1, 0)
INSERT [dbo].[RssFeeds] ([ID], [Url], [Title], [TitleHash], [Description], [ThumbnailUrl], [PublishDate], [Author], [ResourceID], [Score]) VALUES (17, N'http://www.cnet.com/how-to/how-to-toggle-google-now-on-tap-off-and-on/#ftag=CADe34d7bf', N'How to toggle Google Now on Tap off and on - CNET', N'cdbf80600baa59245852d29f3d027b84', N'Whether you accidentally opted out of the feature and want to enable it, or you want to revert to the old method for taking screenshots, here''s how to toggle the Google Now on Tap setting.<br clear=''all''/><br/><br/><a href="http://rc.feedsportal.com/r/247385286534/u/0/f/645438/c/34938/s/4c419bee/sc/15/rc/1/rc.htm" rel="nofollow"><img src="http://rc.feedsportal.com/r/247385286534/u/0/f/645438/c/34938/s/4c419bee/sc/15/rc/1/rc.img" border="0"/></a><br/><br/><a href="http://rc.feedsportal.com/r/247385286534/u/0/f/645438/c/34938/s/4c419bee/sc/15/rc/2/rc.htm" rel="nofollow"><img src="http://rc.feedsportal.com/r/247385286534/u/0/f/645438/c/34938/s/4c419bee/sc/15/rc/2/rc.img" border="0"/></a><br/><br/><a href="http://rc.feedsportal.com/r/247385286534/u/0/f/645438/c/34938/s/4c419bee/sc/15/rc/3/rc.htm" rel="nofollow"><img src="http://rc.feedsportal.com/r/247385286534/u/0/f/645438/c/34938/s/4c419bee/sc/15/rc/3/rc.img" border="0"/></a><br/><br/><a href="http://da.feedsportal.com/r/247385286534/u/0/f/645438/c/34938/s/4c419bee/sc/15/a2.htm"><img src="http://da.feedsportal.com/r/247385286534/u/0/f/645438/c/34938/s/4c419bee/sc/15/a2.img" border="0"/></a><br/><a href="http://adchoice.feedsportal.com/r/247385286534/u/0/f/645438/c/34938/s/4c419bee/sc/15/ach.htm"><img src="http://adchoice.feedsportal.com/r/247385286534/u/0/f/645438/c/34938/s/4c419bee/sc/15/ach.img" border="0"/></a><img width="1" height="1" src="http://pi.feedsportal.com/r/247385286534/u/0/f/645438/c/34938/s/4c419bee/sc/15/a2t.img" border="0"/><img width="1" height="1" src="http://pi2.feedsportal.com/r/247385286534/u/0/f/645438/c/34938/s/4c419bee/sc/15/a2t2.img" border="0"/><img width=''1'' height=''1'' src=''http://cnet.com.feedsportal.com/c/34938/f/645438/s/4c419bee/sc/15/mf.gif'' border=''0''/>', N'http://cnet4.cbsistatic.com/hub/i/r/2015/12/15/86ef2dae-7783-4d24-86e1-851e84b34d2a/thumbnail/300x230/d1cd68c51d061fbe5fdfb15479073c20/googlenowontap.png', CAST(0x0000A5990166ADFF AS DateTime), N'Nicole Cozma', 1, 0)
INSERT [dbo].[RssFeeds] ([ID], [Url], [Title], [TitleHash], [Description], [ThumbnailUrl], [PublishDate], [Author], [ResourceID], [Score]) VALUES (18, N'http://www.cnet.com/how-to/how-to-customize-the-quick-settings-on-android-6-0-marshmallow/#ftag=CADe34d7bf', N'How to customize the quick settings on Android 6.0 Marshmallow - CNET', N'ca38570b5dff2f3cea9f69ba9bd41bf5', N'Learn how to rearrange your quick setting tiles, or even remove the ones you''re not using.<br clear=''all''/><br/><br/><a href="http://rc.feedsportal.com/r/243660087345/u/0/f/645438/c/34938/s/4b2dce0c/sc/15/rc/1/rc.htm" rel="nofollow"><img src="http://rc.feedsportal.com/r/243660087345/u/0/f/645438/c/34938/s/4b2dce0c/sc/15/rc/1/rc.img" border="0"/></a><br/><br/><a href="http://rc.feedsportal.com/r/243660087345/u/0/f/645438/c/34938/s/4b2dce0c/sc/15/rc/2/rc.htm" rel="nofollow"><img src="http://rc.feedsportal.com/r/243660087345/u/0/f/645438/c/34938/s/4b2dce0c/sc/15/rc/2/rc.img" border="0"/></a><br/><br/><a href="http://rc.feedsportal.com/r/243660087345/u/0/f/645438/c/34938/s/4b2dce0c/sc/15/rc/3/rc.htm" rel="nofollow"><img src="http://rc.feedsportal.com/r/243660087345/u/0/f/645438/c/34938/s/4b2dce0c/sc/15/rc/3/rc.img" border="0"/></a><br/><br/><a href="http://da.feedsportal.com/r/243660087345/u/0/f/645438/c/34938/s/4b2dce0c/sc/15/a2.htm"><img src="http://da.feedsportal.com/r/243660087345/u/0/f/645438/c/34938/s/4b2dce0c/sc/15/a2.img" border="0"/></a><br/><a href="http://adchoice.feedsportal.com/r/243660087345/u/0/f/645438/c/34938/s/4b2dce0c/sc/15/ach.htm"><img src="http://adchoice.feedsportal.com/r/243660087345/u/0/f/645438/c/34938/s/4b2dce0c/sc/15/ach.img" border="0"/></a><img width="1" height="1" src="http://pi.feedsportal.com/r/243660087345/u/0/f/645438/c/34938/s/4b2dce0c/sc/15/a2t.img" border="0"/><img width="1" height="1" src="http://pi2.feedsportal.com/r/243660087345/u/0/f/645438/c/34938/s/4b2dce0c/sc/15/a2t2.img" border="0"/><img width=''1'' height=''1'' src=''http://cnet.com.feedsportal.com/c/34938/f/645438/s/4b2dce0c/sc/15/mf.gif'' border=''0''/>', N'http://cnet3.cbsistatic.com/hub/i/r/2015/09/30/3b372c1e-a7a5-4f5a-8cf1-47f4940fed2d/thumbnail/300x230/69d57f718b2e7357fe1dabb79d7f22d2/android-6-0-marshmallow-easter-egg.jpg', CAST(0x0000A5990166ADFF AS DateTime), N'Nicole Cozma', 1, 0)
INSERT [dbo].[RssFeeds] ([ID], [Url], [Title], [TitleHash], [Description], [ThumbnailUrl], [PublishDate], [Author], [ResourceID], [Score]) VALUES (19, N'http://www.cnet.com/news/samsung-galaxy-s7-might-sport-pressure-sensitive-display/#ftag=CADe34d7bf', N'Galaxy S7 may sport retina scanner with pressure sensitive display - CNET', N'dcfde82be41a396cb826374b26625172', N'Next year''s version of Samsung''s marquee smartphone could also come with a fast charging port and maybe even a retina scanner, says the Wall Street Journal.<br clear=''all''/><br/><br/><a href="http://rc.feedsportal.com/r/247385149703/u/0/f/645438/c/34938/s/4c3a00a0/sc/15/rc/1/rc.htm" rel="nofollow"><img src="http://rc.feedsportal.com/r/247385149703/u/0/f/645438/c/34938/s/4c3a00a0/sc/15/rc/1/rc.img" border="0"/></a><br/><br/><a href="http://rc.feedsportal.com/r/247385149703/u/0/f/645438/c/34938/s/4c3a00a0/sc/15/rc/2/rc.htm" rel="nofollow"><img src="http://rc.feedsportal.com/r/247385149703/u/0/f/645438/c/34938/s/4c3a00a0/sc/15/rc/2/rc.img" border="0"/></a><br/><br/><a href="http://rc.feedsportal.com/r/247385149703/u/0/f/645438/c/34938/s/4c3a00a0/sc/15/rc/3/rc.htm" rel="nofollow"><img src="http://rc.feedsportal.com/r/247385149703/u/0/f/645438/c/34938/s/4c3a00a0/sc/15/rc/3/rc.img" border="0"/></a><br/><br/><a href="http://da.feedsportal.com/r/247385149703/u/0/f/645438/c/34938/s/4c3a00a0/sc/15/a2.htm"><img src="http://da.feedsportal.com/r/247385149703/u/0/f/645438/c/34938/s/4c3a00a0/sc/15/a2.img" border="0"/></a><br/><a href="http://adchoice.feedsportal.com/r/247385149703/u/0/f/645438/c/34938/s/4c3a00a0/sc/15/ach.htm"><img src="http://adchoice.feedsportal.com/r/247385149703/u/0/f/645438/c/34938/s/4c3a00a0/sc/15/ach.img" border="0"/></a><img width="1" height="1" src="http://pi.feedsportal.com/r/247385149703/u/0/f/645438/c/34938/s/4c3a00a0/sc/15/a2t.img" border="0"/><img width="1" height="1" src="http://pi2.feedsportal.com/r/247385149703/u/0/f/645438/c/34938/s/4c3a00a0/sc/15/a2t2.img" border="0"/><img width=''1'' height=''1'' src=''http://cnet.com.feedsportal.com/c/34938/f/645438/s/4c3a00a0/sc/15/mf.gif'' border=''0''/>', N'http://cnet3.cbsistatic.com/hub/i/r/2015/09/10/be5477d2-502e-4c47-914b-9fa40ccb5d29/thumbnail/300x230/5e373c384e402df6b05e798474260bcf/samsung-galaxy-s6-galaxy-s6-edge.jpg', CAST(0x0000A5990166ADFF AS DateTime), N'Lance Whitney', 1, 0)
INSERT [dbo].[RssFeeds] ([ID], [Url], [Title], [TitleHash], [Description], [ThumbnailUrl], [PublishDate], [Author], [ResourceID], [Score]) VALUES (20, N'http://www.cnet.com/how-to/how-to-listen-and-reply-to-text-messages-hands-free/#ftag=CADe34d7bf', N'How to listen and reply to text messages hands-free - CNET', N'ca2f08f65e4a48ddb4b95fad025d11a8', N'Android has joined iOS in allowing you to hear and answer messages without touching your phone. Here''s how to do it on both platforms.<br clear=''all''/><br/><br/><a href="http://rc.feedsportal.com/r/247384911677/u/0/f/645438/c/34938/s/4c2cd610/sc/28/rc/1/rc.htm" rel="nofollow"><img src="http://rc.feedsportal.com/r/247384911677/u/0/f/645438/c/34938/s/4c2cd610/sc/28/rc/1/rc.img" border="0"/></a><br/><br/><a href="http://rc.feedsportal.com/r/247384911677/u/0/f/645438/c/34938/s/4c2cd610/sc/28/rc/2/rc.htm" rel="nofollow"><img src="http://rc.feedsportal.com/r/247384911677/u/0/f/645438/c/34938/s/4c2cd610/sc/28/rc/2/rc.img" border="0"/></a><br/><br/><a href="http://rc.feedsportal.com/r/247384911677/u/0/f/645438/c/34938/s/4c2cd610/sc/28/rc/3/rc.htm" rel="nofollow"><img src="http://rc.feedsportal.com/r/247384911677/u/0/f/645438/c/34938/s/4c2cd610/sc/28/rc/3/rc.img" border="0"/></a><br/><br/><a href="http://da.feedsportal.com/r/247384911677/u/0/f/645438/c/34938/s/4c2cd610/sc/28/a2.htm"><img src="http://da.feedsportal.com/r/247384911677/u/0/f/645438/c/34938/s/4c2cd610/sc/28/a2.img" border="0"/></a><br/><a href="http://adchoice.feedsportal.com/r/247384911677/u/0/f/645438/c/34938/s/4c2cd610/sc/28/ach.htm"><img src="http://adchoice.feedsportal.com/r/247384911677/u/0/f/645438/c/34938/s/4c2cd610/sc/28/ach.img" border="0"/></a><img width="1" height="1" src="http://pi.feedsportal.com/r/247384911677/u/0/f/645438/c/34938/s/4c2cd610/sc/28/a2t.img" border="0"/><img width="1" height="1" src="http://pi2.feedsportal.com/r/247384911677/u/0/f/645438/c/34938/s/4c2cd610/sc/28/a2t2.img" border="0"/><img width=''1'' height=''1'' src=''http://cnet.com.feedsportal.com/c/34938/f/645438/s/4c2cd610/sc/28/mf.gif'' border=''0''/>', N'http://cnet3.cbsistatic.com/hub/i/r/2014/07/25/bac26135-ae18-42b0-bdb6-60d701a3b4d9/thumbnail/300x230/7d202c8110215dd83df7da4a3d6e8105/siri-read-my-messages.png', CAST(0x0000A5990166ADFF AS DateTime), N'Rick Broida', 1, 0)
INSERT [dbo].[RssFeeds] ([ID], [Url], [Title], [TitleHash], [Description], [ThumbnailUrl], [PublishDate], [Author], [ResourceID], [Score]) VALUES (21, N'http://cnet.com.feedsportal.com/c/34938/f/645093/s/4d25a9a3/sc/28/l/0L0Scnet0N0Cnews0Cthe0Ex0Efiles0Ecravecast0Edecades0Ein0Ethe0Emaking0Efinally0Earrives0C0Tftag0FCAD590Aa51e/story01.htm', N'The ''X-Files'' CraveCast decades in the making finally arrives - CNET', N'26a8fe08c2a5b8003161a877403ed6cd', N'It''s been a long, tortuous wait for the new "X-Files" mini-season, which debuted this week. The CraveCast crew digs in to the latest dose of truth, rebooted for 2016, starting at noon PT Tuesday.<br clear=''all''/><br/><br/><a href="http://rc.feedsportal.com/r/247389422360/u/173/f/645093/c/34938/s/4d25a9a3/sc/28/rc/1/rc.htm" rel="nofollow"><img src="http://rc.feedsportal.com/r/247389422360/u/173/f/645093/c/34938/s/4d25a9a3/sc/28/rc/1/rc.img" border="0"/></a><br/><br/><a href="http://rc.feedsportal.com/r/247389422360/u/173/f/645093/c/34938/s/4d25a9a3/sc/28/rc/2/rc.htm" rel="nofollow"><img src="http://rc.feedsportal.com/r/247389422360/u/173/f/645093/c/34938/s/4d25a9a3/sc/28/rc/2/rc.img" border="0"/></a><br/><br/><a href="http://rc.feedsportal.com/r/247389422360/u/173/f/645093/c/34938/s/4d25a9a3/sc/28/rc/3/rc.htm" rel="nofollow"><img src="http://rc.feedsportal.com/r/247389422360/u/173/f/645093/c/34938/s/4d25a9a3/sc/28/rc/3/rc.img" border="0"/></a><br/><br/><a href="http://da.feedsportal.com/r/247389422360/u/173/f/645093/c/34938/s/4d25a9a3/sc/28/a2.htm"><img src="http://da.feedsportal.com/r/247389422360/u/173/f/645093/c/34938/s/4d25a9a3/sc/28/a2.img" border="0"/></a><br/><a href="http://adchoice.feedsportal.com/r/247389422360/u/173/f/645093/c/34938/s/4d25a9a3/sc/28/ach.htm"><img src="http://adchoice.feedsportal.com/r/247389422360/u/173/f/645093/c/34938/s/4d25a9a3/sc/28/ach.img" border="0"/></a><img width="1" height="1" src="http://pi.feedsportal.com/r/247389422360/u/173/f/645093/c/34938/s/4d25a9a3/sc/28/a2t.img" border="0"/><img width="1" height="1" src="http://pi2.feedsportal.com/r/247389422360/u/173/f/645093/c/34938/s/4d25a9a3/sc/28/a2t2.img" border="0"/><img width=''1'' height=''1'' src=''http://cnet.com.feedsportal.com/c/34938/f/645093/s/4d25a9a3/sc/28/mf.gif'' border=''0''/>', N'http://cnet3.cbsistatic.com/hub/i/r/2016/01/26/5e703456-0b37-40fa-b0d5-109cdd8cc6ee/thumbnail/300x230/241fac946af02c7b2e26ca132a5b7e3b/x-lookinyoung.jpg', CAST(0x0000A59900000000 AS DateTime), N'Eric Mack', 2, 0)
INSERT [dbo].[RssFeeds] ([ID], [Url], [Title], [TitleHash], [Description], [ThumbnailUrl], [PublishDate], [Author], [ResourceID], [Score]) VALUES (22, N'http://cnet.com.feedsportal.com/c/34938/f/645093/s/4d25c654/sc/27/l/0L0Scnet0N0Cnews0Cbayonetta0Edevs0Eteenage0Emutant0Eninja0Eturtles0Egame0Eofficially0Erevealed0Ewith0Efirst0Etrailer0C0Tftag0FCAD590Aa51e/story01.htm', N'Bayonetta dev''s Teenage Mutant Ninja Turtles game officially revealed with first trailer - CNET', N'81baf1c972f17bc6250d246e288f052b', N'Watch the Mutants kick butt in Manhattan courtesy of Platinum Games.<br clear=''all''/><br/><br/><a href="http://rc.feedsportal.com/r/247389467233/u/173/f/645093/c/34938/s/4d25c654/sc/27/rc/1/rc.htm" rel="nofollow"><img src="http://rc.feedsportal.com/r/247389467233/u/173/f/645093/c/34938/s/4d25c654/sc/27/rc/1/rc.img" border="0"/></a><br/><br/><a href="http://rc.feedsportal.com/r/247389467233/u/173/f/645093/c/34938/s/4d25c654/sc/27/rc/2/rc.htm" rel="nofollow"><img src="http://rc.feedsportal.com/r/247389467233/u/173/f/645093/c/34938/s/4d25c654/sc/27/rc/2/rc.img" border="0"/></a><br/><br/><a href="http://rc.feedsportal.com/r/247389467233/u/173/f/645093/c/34938/s/4d25c654/sc/27/rc/3/rc.htm" rel="nofollow"><img src="http://rc.feedsportal.com/r/247389467233/u/173/f/645093/c/34938/s/4d25c654/sc/27/rc/3/rc.img" border="0"/></a><br/><br/><a href="http://da.feedsportal.com/r/247389467233/u/173/f/645093/c/34938/s/4d25c654/sc/27/a2.htm"><img src="http://da.feedsportal.com/r/247389467233/u/173/f/645093/c/34938/s/4d25c654/sc/27/a2.img" border="0"/></a><br/><a href="http://adchoice.feedsportal.com/r/247389467233/u/173/f/645093/c/34938/s/4d25c654/sc/27/ach.htm"><img src="http://adchoice.feedsportal.com/r/247389467233/u/173/f/645093/c/34938/s/4d25c654/sc/27/ach.img" border="0"/></a><img width="1" height="1" src="http://pi.feedsportal.com/r/247389467233/u/173/f/645093/c/34938/s/4d25c654/sc/27/a2t.img" border="0"/><img width="1" height="1" src="http://pi2.feedsportal.com/r/247389467233/u/173/f/645093/c/34938/s/4d25c654/sc/27/a2t2.img" border="0"/><img width=''1'' height=''1'' src=''http://cnet.com.feedsportal.com/c/34938/f/645093/s/4d25c654/sc/27/mf.gif'' border=''0''/>', N'http://cnet4.cbsistatic.com/hub/i/r/2016/01/26/3f01167e-705e-48bd-8793-d611daa113a6/thumbnail/300x230/01e4a2eca02334d162e7e35db2187e5f/2996249-download.png', CAST(0x0000A59900000000 AS DateTime), N'GameSpot Staff', 2, 0)
INSERT [dbo].[RssFeeds] ([ID], [Url], [Title], [TitleHash], [Description], [ThumbnailUrl], [PublishDate], [Author], [ResourceID], [Score]) VALUES (23, N'http://cnet.com.feedsportal.com/c/34938/f/645093/s/4d25c655/sc/27/l/0L0Scnet0N0Cnews0Chomefront0Ethe0Erevolutions0Eco0Eop0Ecampaign0Epromises0Edark0Esouls0Elevels0Eof0Edifficulty0C0Tftag0FCAD590Aa51e/story01.htm', N'Homefront: The Revolution''s co-op campaign promises Dark Souls-levels of difficulty - CNET', N'7e4bb4c52903eb8a5946656ae93b55eb', N'Form a four-man freedom fighter cell and reclaim America with customizable weapons, open-ended tactics, and a free year of DLC.<br clear=''all''/><br/><br/><a href="http://rc.feedsportal.com/r/247389467232/u/173/f/645093/c/34938/s/4d25c655/sc/27/rc/1/rc.htm" rel="nofollow"><img src="http://rc.feedsportal.com/r/247389467232/u/173/f/645093/c/34938/s/4d25c655/sc/27/rc/1/rc.img" border="0"/></a><br/><br/><a href="http://rc.feedsportal.com/r/247389467232/u/173/f/645093/c/34938/s/4d25c655/sc/27/rc/2/rc.htm" rel="nofollow"><img src="http://rc.feedsportal.com/r/247389467232/u/173/f/645093/c/34938/s/4d25c655/sc/27/rc/2/rc.img" border="0"/></a><br/><br/><a href="http://rc.feedsportal.com/r/247389467232/u/173/f/645093/c/34938/s/4d25c655/sc/27/rc/3/rc.htm" rel="nofollow"><img src="http://rc.feedsportal.com/r/247389467232/u/173/f/645093/c/34938/s/4d25c655/sc/27/rc/3/rc.img" border="0"/></a><br/><br/><a href="http://da.feedsportal.com/r/247389467232/u/173/f/645093/c/34938/s/4d25c655/sc/27/a2.htm"><img src="http://da.feedsportal.com/r/247389467232/u/173/f/645093/c/34938/s/4d25c655/sc/27/a2.img" border="0"/></a><br/><a href="http://adchoice.feedsportal.com/r/247389467232/u/173/f/645093/c/34938/s/4d25c655/sc/27/ach.htm"><img src="http://adchoice.feedsportal.com/r/247389467232/u/173/f/645093/c/34938/s/4d25c655/sc/27/ach.img" border="0"/></a><img width="1" height="1" src="http://pi.feedsportal.com/r/247389467232/u/173/f/645093/c/34938/s/4d25c655/sc/27/a2t.img" border="0"/><img width="1" height="1" src="http://pi2.feedsportal.com/r/247389467232/u/173/f/645093/c/34938/s/4d25c655/sc/27/a2t2.img" border="0"/><img width=''1'' height=''1'' src=''http://cnet.com.feedsportal.com/c/34938/f/645093/s/4d25c655/sc/27/mf.gif'' border=''0''/>', N'http://cnet3.cbsistatic.com/hub/i/r/2016/01/26/aff33405-6ae1-473b-a3cf-97735e7a6558/thumbnail/300x230/7b95f8a3c7ee8bbe2673edfd403ad046/2996243-hftr-co-op-all-media-03.jpg', CAST(0x0000A59900000000 AS DateTime), N'GameSpot Staff', 2, 0)
INSERT [dbo].[RssFeeds] ([ID], [Url], [Title], [TitleHash], [Description], [ThumbnailUrl], [PublishDate], [Author], [ResourceID], [Score]) VALUES (24, N'http://cnet.com.feedsportal.com/c/34938/f/645093/s/4d25c653/sc/27/l/0L0Scnet0N0Cnews0Cdeath0Estar0Eexpansion0Econfirmed0Efor0Estar0Ewars0Ebattlefront0C0Tftag0FCAD590Aa51e/story01.htm', N'Death Star expansion confirmed for Star Wars Battlefront - CNET', N'f2efe5d9705f80abaf8a08f956745d71', N'EA reveals season pass release schedule for all four expansions; publisher also outlines free content updates between January and March.<br clear=''all''/><br/><br/><a href="http://rc.feedsportal.com/r/247389467231/u/173/f/645093/c/34938/s/4d25c653/sc/27/rc/1/rc.htm" rel="nofollow"><img src="http://rc.feedsportal.com/r/247389467231/u/173/f/645093/c/34938/s/4d25c653/sc/27/rc/1/rc.img" border="0"/></a><br/><br/><a href="http://rc.feedsportal.com/r/247389467231/u/173/f/645093/c/34938/s/4d25c653/sc/27/rc/2/rc.htm" rel="nofollow"><img src="http://rc.feedsportal.com/r/247389467231/u/173/f/645093/c/34938/s/4d25c653/sc/27/rc/2/rc.img" border="0"/></a><br/><br/><a href="http://rc.feedsportal.com/r/247389467231/u/173/f/645093/c/34938/s/4d25c653/sc/27/rc/3/rc.htm" rel="nofollow"><img src="http://rc.feedsportal.com/r/247389467231/u/173/f/645093/c/34938/s/4d25c653/sc/27/rc/3/rc.img" border="0"/></a><br/><br/><a href="http://da.feedsportal.com/r/247389467231/u/173/f/645093/c/34938/s/4d25c653/sc/27/a2.htm"><img src="http://da.feedsportal.com/r/247389467231/u/173/f/645093/c/34938/s/4d25c653/sc/27/a2.img" border="0"/></a><br/><a href="http://adchoice.feedsportal.com/r/247389467231/u/173/f/645093/c/34938/s/4d25c653/sc/27/ach.htm"><img src="http://adchoice.feedsportal.com/r/247389467231/u/173/f/645093/c/34938/s/4d25c653/sc/27/ach.img" border="0"/></a><img width="1" height="1" src="http://pi.feedsportal.com/r/247389467231/u/173/f/645093/c/34938/s/4d25c653/sc/27/a2t.img" border="0"/><img width="1" height="1" src="http://pi2.feedsportal.com/r/247389467231/u/173/f/645093/c/34938/s/4d25c653/sc/27/a2t2.img" border="0"/><img width=''1'' height=''1'' src=''http://cnet.com.feedsportal.com/c/34938/f/645093/s/4d25c653/sc/27/mf.gif'' border=''0''/>', N'http://cnet3.cbsistatic.com/hub/i/r/2016/01/26/f34b76c9-d0a9-4a72-b5c7-822ad90138bd/thumbnail/300x230/bf79463627ac2dbb4041c1c5677ddba3/2996344-1307405454-deaths.jpg', CAST(0x0000A59900000000 AS DateTime), N'GameSpot Staff', 2, 0)
INSERT [dbo].[RssFeeds] ([ID], [Url], [Title], [TitleHash], [Description], [ThumbnailUrl], [PublishDate], [Author], [ResourceID], [Score]) VALUES (25, N'http://cnet.com.feedsportal.com/c/34938/f/645093/s/4d25c651/sc/27/l/0L0Scnet0N0Cnews0Cpsa0Ehalo0E50Efree0Eupdate0Earrives0Ewith0Enew0Emaps0Eweapons0Eand0Emore0C0Tftag0FCAD590Aa51e/story01.htm', N'PSA: Halo 5 free update arrives with new maps, weapons, and more - CNET', N'2cbfe316f6208ebd9bc5fe6e86d2b1a0', N'New maps for Arena and Warzone, as well as Halo 2-era Battle Rifle and Achilles armor set, now available.<br clear=''all''/><br/><br/><a href="http://rc.feedsportal.com/r/247389467230/u/173/f/645093/c/34938/s/4d25c651/sc/27/rc/1/rc.htm" rel="nofollow"><img src="http://rc.feedsportal.com/r/247389467230/u/173/f/645093/c/34938/s/4d25c651/sc/27/rc/1/rc.img" border="0"/></a><br/><br/><a href="http://rc.feedsportal.com/r/247389467230/u/173/f/645093/c/34938/s/4d25c651/sc/27/rc/2/rc.htm" rel="nofollow"><img src="http://rc.feedsportal.com/r/247389467230/u/173/f/645093/c/34938/s/4d25c651/sc/27/rc/2/rc.img" border="0"/></a><br/><br/><a href="http://rc.feedsportal.com/r/247389467230/u/173/f/645093/c/34938/s/4d25c651/sc/27/rc/3/rc.htm" rel="nofollow"><img src="http://rc.feedsportal.com/r/247389467230/u/173/f/645093/c/34938/s/4d25c651/sc/27/rc/3/rc.img" border="0"/></a><br/><br/><a href="http://da.feedsportal.com/r/247389467230/u/173/f/645093/c/34938/s/4d25c651/sc/27/a2.htm"><img src="http://da.feedsportal.com/r/247389467230/u/173/f/645093/c/34938/s/4d25c651/sc/27/a2.img" border="0"/></a><br/><a href="http://adchoice.feedsportal.com/r/247389467230/u/173/f/645093/c/34938/s/4d25c651/sc/27/ach.htm"><img src="http://adchoice.feedsportal.com/r/247389467230/u/173/f/645093/c/34938/s/4d25c651/sc/27/ach.img" border="0"/></a><img width="1" height="1" src="http://pi.feedsportal.com/r/247389467230/u/173/f/645093/c/34938/s/4d25c651/sc/27/a2t.img" border="0"/><img width="1" height="1" src="http://pi2.feedsportal.com/r/247389467230/u/173/f/645093/c/34938/s/4d25c651/sc/27/a2t2.img" border="0"/><img width=''1'' height=''1'' src=''http://cnet.com.feedsportal.com/c/34938/f/645093/s/4d25c651/sc/27/mf.gif'' border=''0''/>', N'http://cnet3.cbsistatic.com/hub/i/r/2016/01/26/5abe767c-3d58-456e-8311-6fa5f5ae675a/thumbnail/300x230/38d9813d9f6f2053be597563edfc9199/2996367-halo-5-guardians-arena-riptide-serious-business.jpg', CAST(0x0000A59900000000 AS DateTime), N'GameSpot Staff', 2, 0)
INSERT [dbo].[RssFeeds] ([ID], [Url], [Title], [TitleHash], [Description], [ThumbnailUrl], [PublishDate], [Author], [ResourceID], [Score]) VALUES (26, N'http://cnet.com.feedsportal.com/c/34938/f/645093/s/4d25c657/sc/28/l/0L0Scnet0N0Cnews0Cis0Efar0Ecry0Eprimal0Edifferent0Eenough0Efrom0Eits0Epredecessors0C0Tftag0FCAD590Aa51e/story01.htm', N'Is Far Cry Primal different enough from its predecessors? - CNET', N'808709637e6908e3a1492c2a5a178e94', N'With Far Cry Primal, Ubisoft hopes to push the series into the brutal realities of the Stone Age.<br clear=''all''/><br/><br/><a href="http://rc.feedsportal.com/r/247389467229/u/173/f/645093/c/34938/s/4d25c657/sc/28/rc/1/rc.htm" rel="nofollow"><img src="http://rc.feedsportal.com/r/247389467229/u/173/f/645093/c/34938/s/4d25c657/sc/28/rc/1/rc.img" border="0"/></a><br/><br/><a href="http://rc.feedsportal.com/r/247389467229/u/173/f/645093/c/34938/s/4d25c657/sc/28/rc/2/rc.htm" rel="nofollow"><img src="http://rc.feedsportal.com/r/247389467229/u/173/f/645093/c/34938/s/4d25c657/sc/28/rc/2/rc.img" border="0"/></a><br/><br/><a href="http://rc.feedsportal.com/r/247389467229/u/173/f/645093/c/34938/s/4d25c657/sc/28/rc/3/rc.htm" rel="nofollow"><img src="http://rc.feedsportal.com/r/247389467229/u/173/f/645093/c/34938/s/4d25c657/sc/28/rc/3/rc.img" border="0"/></a><br/><br/><a href="http://da.feedsportal.com/r/247389467229/u/173/f/645093/c/34938/s/4d25c657/sc/28/a2.htm"><img src="http://da.feedsportal.com/r/247389467229/u/173/f/645093/c/34938/s/4d25c657/sc/28/a2.img" border="0"/></a><br/><a href="http://adchoice.feedsportal.com/r/247389467229/u/173/f/645093/c/34938/s/4d25c657/sc/28/ach.htm"><img src="http://adchoice.feedsportal.com/r/247389467229/u/173/f/645093/c/34938/s/4d25c657/sc/28/ach.img" border="0"/></a><img width="1" height="1" src="http://pi.feedsportal.com/r/247389467229/u/173/f/645093/c/34938/s/4d25c657/sc/28/a2t.img" border="0"/><img width="1" height="1" src="http://pi2.feedsportal.com/r/247389467229/u/173/f/645093/c/34938/s/4d25c657/sc/28/a2t2.img" border="0"/><img width=''1'' height=''1'' src=''http://cnet.com.feedsportal.com/c/34938/f/645093/s/4d25c657/sc/28/mf.gif'' border=''0''/>', N'http://cnet4.cbsistatic.com/hub/i/r/2016/01/26/decc0875-3de2-4ba1-b5eb-6db15be49d08/thumbnail/300x230/26d5e05c82a39d69c8d8b65a5fd21dbe/2947628-farcryprimalannouncescreen001embargooct69ampst.jpg', CAST(0x0000A59900000000 AS DateTime), N'GameSpot Staff', 2, 0)
INSERT [dbo].[RssFeeds] ([ID], [Url], [Title], [TitleHash], [Description], [ThumbnailUrl], [PublishDate], [Author], [ResourceID], [Score]) VALUES (27, N'http://cnet.com.feedsportal.com/c/34938/f/645093/s/4d25a157/sc/15/l/0L0Scnet0N0Cnews0Cwild0Euber0Eride0Efirm0Ecan0Etrack0Eyour0Edrivers0Ephone0Eto0Everify0Eyour0Ecomplaint0C0Tftag0FCAD590Aa51e/story01.htm', N'Wild Uber ride? Firm can track your driver''s phone to verify your complaint - CNET', N'12a473095409d1eb3c21ffccb5e88ab0', N'Uber is testing a program that lets it check out GPS and accelerometer data from your driver''s smartphone to see just how crazy that ride might''ve been.<br clear=''all''/><br/><br/><a href="http://rc.feedsportal.com/r/247389456879/u/173/f/645093/c/34938/s/4d25a157/sc/15/rc/1/rc.htm" rel="nofollow"><img src="http://rc.feedsportal.com/r/247389456879/u/173/f/645093/c/34938/s/4d25a157/sc/15/rc/1/rc.img" border="0"/></a><br/><br/><a href="http://rc.feedsportal.com/r/247389456879/u/173/f/645093/c/34938/s/4d25a157/sc/15/rc/2/rc.htm" rel="nofollow"><img src="http://rc.feedsportal.com/r/247389456879/u/173/f/645093/c/34938/s/4d25a157/sc/15/rc/2/rc.img" border="0"/></a><br/><br/><a href="http://rc.feedsportal.com/r/247389456879/u/173/f/645093/c/34938/s/4d25a157/sc/15/rc/3/rc.htm" rel="nofollow"><img src="http://rc.feedsportal.com/r/247389456879/u/173/f/645093/c/34938/s/4d25a157/sc/15/rc/3/rc.img" border="0"/></a><br/><br/><a href="http://da.feedsportal.com/r/247389456879/u/173/f/645093/c/34938/s/4d25a157/sc/15/a2.htm"><img src="http://da.feedsportal.com/r/247389456879/u/173/f/645093/c/34938/s/4d25a157/sc/15/a2.img" border="0"/></a><br/><a href="http://adchoice.feedsportal.com/r/247389456879/u/173/f/645093/c/34938/s/4d25a157/sc/15/ach.htm"><img src="http://adchoice.feedsportal.com/r/247389456879/u/173/f/645093/c/34938/s/4d25a157/sc/15/ach.img" border="0"/></a><img width="1" height="1" src="http://pi.feedsportal.com/r/247389456879/u/173/f/645093/c/34938/s/4d25a157/sc/15/a2t.img" border="0"/><img width="1" height="1" src="http://pi2.feedsportal.com/r/247389456879/u/173/f/645093/c/34938/s/4d25a157/sc/15/a2t2.img" border="0"/><img width=''1'' height=''1'' src=''http://cnet.com.feedsportal.com/c/34938/f/645093/s/4d25a157/sc/15/mf.gif'' border=''0''/>', N'http://cnet4.cbsistatic.com/hub/i/r/2016/01/26/5941c26a-4b7b-4fdd-88be-33626f8de984/thumbnail/300x230/90e378b6d2ed7a6e369b091783949a4a/uberblog700x300safety.jpg', CAST(0x0000A59900000000 AS DateTime), N'Lance Whitney', 2, 0)
INSERT [dbo].[RssFeeds] ([ID], [Url], [Title], [TitleHash], [Description], [ThumbnailUrl], [PublishDate], [Author], [ResourceID], [Score]) VALUES (28, N'http://cnet.com.feedsportal.com/c/34938/f/645093/s/4d246704/sc/28/l/0L0Scnet0N0Cnews0Cgopro0Epartners0Ewith0Eperiscope0Eto0Etake0Ethe0Elive0Estream0Eextreme0C0Tftag0FCAD590Aa51e/story01.htm', N'GoPro to turn Twitter into an extreme live-stream video fest - CNET', N'1abf8b467b79b33e64c3bce90be60090', N'Terrifying GoPro footage will soon be coming your way live via Periscope from, say, an icy crevasse in Switzerland.<br clear=''all''/><br/><br/><a href="http://rc.feedsportal.com/r/247389401614/u/173/f/645093/c/34938/s/4d246704/sc/28/rc/1/rc.htm" rel="nofollow"><img src="http://rc.feedsportal.com/r/247389401614/u/173/f/645093/c/34938/s/4d246704/sc/28/rc/1/rc.img" border="0"/></a><br/><br/><a href="http://rc.feedsportal.com/r/247389401614/u/173/f/645093/c/34938/s/4d246704/sc/28/rc/2/rc.htm" rel="nofollow"><img src="http://rc.feedsportal.com/r/247389401614/u/173/f/645093/c/34938/s/4d246704/sc/28/rc/2/rc.img" border="0"/></a><br/><br/><a href="http://rc.feedsportal.com/r/247389401614/u/173/f/645093/c/34938/s/4d246704/sc/28/rc/3/rc.htm" rel="nofollow"><img src="http://rc.feedsportal.com/r/247389401614/u/173/f/645093/c/34938/s/4d246704/sc/28/rc/3/rc.img" border="0"/></a><br/><br/><a href="http://da.feedsportal.com/r/247389401614/u/173/f/645093/c/34938/s/4d246704/sc/28/a2.htm"><img src="http://da.feedsportal.com/r/247389401614/u/173/f/645093/c/34938/s/4d246704/sc/28/a2.img" border="0"/></a><br/><a href="http://adchoice.feedsportal.com/r/247389401614/u/173/f/645093/c/34938/s/4d246704/sc/28/ach.htm"><img src="http://adchoice.feedsportal.com/r/247389401614/u/173/f/645093/c/34938/s/4d246704/sc/28/ach.img" border="0"/></a><img width="1" height="1" src="http://pi.feedsportal.com/r/247389401614/u/173/f/645093/c/34938/s/4d246704/sc/28/a2t.img" border="0"/><img width="1" height="1" src="http://pi2.feedsportal.com/r/247389401614/u/173/f/645093/c/34938/s/4d246704/sc/28/a2t2.img" border="0"/><img width=''1'' height=''1'' src=''http://cnet.com.feedsportal.com/c/34938/f/645093/s/4d246704/sc/28/mf.gif'' border=''0''/>', N'http://cnet4.cbsistatic.com/hub/i/r/2016/01/26/ddfd0058-ace0-4600-9351-44d4dd5f9a36/thumbnail/300x230/5c976afeee52f0058a207881e5d90be8/goprodevice.jpg', CAST(0x0000A59900000000 AS DateTime), N'Katie Collins', 2, 0)
INSERT [dbo].[RssFeeds] ([ID], [Url], [Title], [TitleHash], [Description], [ThumbnailUrl], [PublishDate], [Author], [ResourceID], [Score]) VALUES (29, N'http://cnet.com.feedsportal.com/c/34938/f/645093/s/4d254413/sc/13/l/0L0Scnet0N0Cnews0Ctwitter0Eappoints0Emarketing0Echief0C0Tftag0FCAD590Aa51e/story01.htm', N'Twitter names its first-ever marketing chief - CNET', N'126eeda69382293d9982f7f961d30365', N'Leslie Berland, who had been at American Express, arrives amid upheaval in Twitter''s executive offices.<br clear=''all''/><br/><br/><a href="http://rc.feedsportal.com/r/247389449667/u/173/f/645093/c/34938/s/4d254413/sc/13/rc/1/rc.htm" rel="nofollow"><img src="http://rc.feedsportal.com/r/247389449667/u/173/f/645093/c/34938/s/4d254413/sc/13/rc/1/rc.img" border="0"/></a><br/><br/><a href="http://rc.feedsportal.com/r/247389449667/u/173/f/645093/c/34938/s/4d254413/sc/13/rc/2/rc.htm" rel="nofollow"><img src="http://rc.feedsportal.com/r/247389449667/u/173/f/645093/c/34938/s/4d254413/sc/13/rc/2/rc.img" border="0"/></a><br/><br/><a href="http://rc.feedsportal.com/r/247389449667/u/173/f/645093/c/34938/s/4d254413/sc/13/rc/3/rc.htm" rel="nofollow"><img src="http://rc.feedsportal.com/r/247389449667/u/173/f/645093/c/34938/s/4d254413/sc/13/rc/3/rc.img" border="0"/></a><br/><br/><a href="http://da.feedsportal.com/r/247389449667/u/173/f/645093/c/34938/s/4d254413/sc/13/a2.htm"><img src="http://da.feedsportal.com/r/247389449667/u/173/f/645093/c/34938/s/4d254413/sc/13/a2.img" border="0"/></a><br/><a href="http://adchoice.feedsportal.com/r/247389449667/u/173/f/645093/c/34938/s/4d254413/sc/13/ach.htm"><img src="http://adchoice.feedsportal.com/r/247389449667/u/173/f/645093/c/34938/s/4d254413/sc/13/ach.img" border="0"/></a><img width="1" height="1" src="http://pi.feedsportal.com/r/247389449667/u/173/f/645093/c/34938/s/4d254413/sc/13/a2t.img" border="0"/><img width="1" height="1" src="http://pi2.feedsportal.com/r/247389449667/u/173/f/645093/c/34938/s/4d254413/sc/13/a2t2.img" border="0"/><img width=''1'' height=''1'' src=''http://cnet.com.feedsportal.com/c/34938/f/645093/s/4d254413/sc/13/mf.gif'' border=''0''/>', N'http://cnet4.cbsistatic.com/hub/i/r/2016/01/26/23022c6a-472c-4265-bfd5-bed557612282/thumbnail/300x230/a8c923820c2cdade6e0f6a33988f791a/leslie-berlandtwitter-cmo.jpg', CAST(0x0000A59900000000 AS DateTime), N'Lance Whitney', 2, 0)
INSERT [dbo].[RssFeeds] ([ID], [Url], [Title], [TitleHash], [Description], [ThumbnailUrl], [PublishDate], [Author], [ResourceID], [Score]) VALUES (30, N'http://cnet.com.feedsportal.com/c/34938/f/645093/s/4d2413ba/sc/28/l/0L0Scnet0N0Cnews0Ccan0Eat0Et0Eout0Enetflix0Enetflix0Ewith0Eits0Eown0Evideo0Eservice0C0Tftag0FCAD590Aa51e/story01.htm', N'Can AT&T out-Netflix Netflix with its own video service? - CNET', N'e15e95db8656233423f0f76d171cbdc7', N'The telco giant wants to wed the "TV everywhere" concept with its own mobile service. It could unveil something in the coming days.<br clear=''all''/><br/><br/><a href="http://rc.feedsportal.com/r/247389427902/u/173/f/645093/c/34938/s/4d2413ba/sc/28/rc/1/rc.htm" rel="nofollow"><img src="http://rc.feedsportal.com/r/247389427902/u/173/f/645093/c/34938/s/4d2413ba/sc/28/rc/1/rc.img" border="0"/></a><br/><br/><a href="http://rc.feedsportal.com/r/247389427902/u/173/f/645093/c/34938/s/4d2413ba/sc/28/rc/2/rc.htm" rel="nofollow"><img src="http://rc.feedsportal.com/r/247389427902/u/173/f/645093/c/34938/s/4d2413ba/sc/28/rc/2/rc.img" border="0"/></a><br/><br/><a href="http://rc.feedsportal.com/r/247389427902/u/173/f/645093/c/34938/s/4d2413ba/sc/28/rc/3/rc.htm" rel="nofollow"><img src="http://rc.feedsportal.com/r/247389427902/u/173/f/645093/c/34938/s/4d2413ba/sc/28/rc/3/rc.img" border="0"/></a><br/><br/><a href="http://da.feedsportal.com/r/247389427902/u/173/f/645093/c/34938/s/4d2413ba/sc/28/a2.htm"><img src="http://da.feedsportal.com/r/247389427902/u/173/f/645093/c/34938/s/4d2413ba/sc/28/a2.img" border="0"/></a><br/><a href="http://adchoice.feedsportal.com/r/247389427902/u/173/f/645093/c/34938/s/4d2413ba/sc/28/ach.htm"><img src="http://adchoice.feedsportal.com/r/247389427902/u/173/f/645093/c/34938/s/4d2413ba/sc/28/ach.img" border="0"/></a><img width="1" height="1" src="http://pi.feedsportal.com/r/247389427902/u/173/f/645093/c/34938/s/4d2413ba/sc/28/a2t.img" border="0"/><img width="1" height="1" src="http://pi2.feedsportal.com/r/247389427902/u/173/f/645093/c/34938/s/4d2413ba/sc/28/a2t2.img" border="0"/><img width=''1'' height=''1'' src=''http://cnet.com.feedsportal.com/c/34938/f/645093/s/4d2413ba/sc/28/mf.gif'' border=''0''/>', N'http://cnet3.cbsistatic.com/hub/i/r/2014/12/03/5cacf414-7035-422b-b645-309b2b28404e/thumbnail/300x230/1c3cb19deb33c731fe2841c3e85c66e6/img3151.jpg', CAST(0x0000A59900000000 AS DateTime), N'Roger Cheng', 2, 0)
INSERT [dbo].[RssFeeds] ([ID], [Url], [Title], [TitleHash], [Description], [ThumbnailUrl], [PublishDate], [Author], [ResourceID], [Score]) VALUES (31, N'http://cnet.com.feedsportal.com/c/34938/f/645093/s/4d25a9b8/sc/32/l/0L0Scnet0N0Cnews0Cdaredevil0Ephysicist0Ebraves0Eunderwater0Ebullet0Efor0Escience0C0Tftag0FCAD590Aa51e/story01.htm', N'Daredevil physicist braves underwater bullet for science - CNET', N'd13c198af2f51b47ee5e6719e4e2d12c', N'Live vicariously through a bold scientist who uses physics as a shield and stands in front of a live gun in a pool.<br clear=''all''/><br/><br/><a href="http://rc.feedsportal.com/r/247389422358/u/173/f/645093/c/34938/s/4d25a9b8/sc/32/rc/1/rc.htm" rel="nofollow"><img src="http://rc.feedsportal.com/r/247389422358/u/173/f/645093/c/34938/s/4d25a9b8/sc/32/rc/1/rc.img" border="0"/></a><br/><br/><a href="http://rc.feedsportal.com/r/247389422358/u/173/f/645093/c/34938/s/4d25a9b8/sc/32/rc/2/rc.htm" rel="nofollow"><img src="http://rc.feedsportal.com/r/247389422358/u/173/f/645093/c/34938/s/4d25a9b8/sc/32/rc/2/rc.img" border="0"/></a><br/><br/><a href="http://rc.feedsportal.com/r/247389422358/u/173/f/645093/c/34938/s/4d25a9b8/sc/32/rc/3/rc.htm" rel="nofollow"><img src="http://rc.feedsportal.com/r/247389422358/u/173/f/645093/c/34938/s/4d25a9b8/sc/32/rc/3/rc.img" border="0"/></a><br/><br/><a href="http://da.feedsportal.com/r/247389422358/u/173/f/645093/c/34938/s/4d25a9b8/sc/32/a2.htm"><img src="http://da.feedsportal.com/r/247389422358/u/173/f/645093/c/34938/s/4d25a9b8/sc/32/a2.img" border="0"/></a><br/><a href="http://adchoice.feedsportal.com/r/247389422358/u/173/f/645093/c/34938/s/4d25a9b8/sc/32/ach.htm"><img src="http://adchoice.feedsportal.com/r/247389422358/u/173/f/645093/c/34938/s/4d25a9b8/sc/32/ach.img" border="0"/></a><img width="1" height="1" src="http://pi.feedsportal.com/r/247389422358/u/173/f/645093/c/34938/s/4d25a9b8/sc/32/a2t.img" border="0"/><img width="1" height="1" src="http://pi2.feedsportal.com/r/247389422358/u/173/f/645093/c/34938/s/4d25a9b8/sc/32/a2t2.img" border="0"/><img width=''1'' height=''1'' src=''http://cnet.com.feedsportal.com/c/34938/f/645093/s/4d25a9b8/sc/32/mf.gif'' border=''0''/>', N'http://cnet3.cbsistatic.com/hub/i/r/2016/01/26/66f007e1-7b86-4f55-8361-8621d3b6af40/thumbnail/300x230/84875e2b250ad7bdd58b7f1b402917ef/gun1.jpg', CAST(0x0000A59900000000 AS DateTime), N'Amanda Kooser', 2, 0)
INSERT [dbo].[RssFeeds] ([ID], [Url], [Title], [TitleHash], [Description], [ThumbnailUrl], [PublishDate], [Author], [ResourceID], [Score]) VALUES (32, N'http://cnet.com.feedsportal.com/c/34938/f/645093/s/4d25440d/sc/28/l/0L0Scnet0N0Croadshow0Cnews0Cwaze0Elyft0Epartnership0C0Tftag0FCAD590Aa51e/story01.htm', N'Waze gets Lyfted, becomes the ride-sharing company''s default navigation app - Roadshow', N'bdce4bc3fe3e17f1b3c4a4ee27493224', N'Between this and the partnership with GM, Lyft appears ready to bring the battle to Uber.<br clear=''all''/><br/><br/><a href="http://rc.feedsportal.com/r/247389449669/u/173/f/645093/c/34938/s/4d25440d/sc/28/rc/1/rc.htm" rel="nofollow"><img src="http://rc.feedsportal.com/r/247389449669/u/173/f/645093/c/34938/s/4d25440d/sc/28/rc/1/rc.img" border="0"/></a><br/><br/><a href="http://rc.feedsportal.com/r/247389449669/u/173/f/645093/c/34938/s/4d25440d/sc/28/rc/2/rc.htm" rel="nofollow"><img src="http://rc.feedsportal.com/r/247389449669/u/173/f/645093/c/34938/s/4d25440d/sc/28/rc/2/rc.img" border="0"/></a><br/><br/><a href="http://rc.feedsportal.com/r/247389449669/u/173/f/645093/c/34938/s/4d25440d/sc/28/rc/3/rc.htm" rel="nofollow"><img src="http://rc.feedsportal.com/r/247389449669/u/173/f/645093/c/34938/s/4d25440d/sc/28/rc/3/rc.img" border="0"/></a><br/><br/><a href="http://da.feedsportal.com/r/247389449669/u/173/f/645093/c/34938/s/4d25440d/sc/28/a2.htm"><img src="http://da.feedsportal.com/r/247389449669/u/173/f/645093/c/34938/s/4d25440d/sc/28/a2.img" border="0"/></a><br/><a href="http://adchoice.feedsportal.com/r/247389449669/u/173/f/645093/c/34938/s/4d25440d/sc/28/ach.htm"><img src="http://adchoice.feedsportal.com/r/247389449669/u/173/f/645093/c/34938/s/4d25440d/sc/28/ach.img" border="0"/></a><img width="1" height="1" src="http://pi.feedsportal.com/r/247389449669/u/173/f/645093/c/34938/s/4d25440d/sc/28/a2t.img" border="0"/><img width="1" height="1" src="http://pi2.feedsportal.com/r/247389449669/u/173/f/645093/c/34938/s/4d25440d/sc/28/a2t2.img" border="0"/><img width=''1'' height=''1'' src=''http://cnet.com.feedsportal.com/c/34938/f/645093/s/4d25440d/sc/28/mf.gif'' border=''0''/>', N'http://cnet4.cbsistatic.com/hub/i/r/2016/01/26/48f69c41-3fc0-48df-9d9c-70d2676ab4eb/thumbnail/300x230/09ded84d74c1cc393c42ae8a36c62c4d/download.png', CAST(0x0000A59900000000 AS DateTime), N'Andrew Krok', 2, 0)
INSERT [dbo].[RssFeeds] ([ID], [Url], [Title], [TitleHash], [Description], [ThumbnailUrl], [PublishDate], [Author], [ResourceID], [Score]) VALUES (33, N'http://cnet.com.feedsportal.com/c/34938/f/645093/s/4d254411/sc/28/l/0L0Scnet0N0Croadshow0Cnews0Cbosch0Eactive0Egas0Epedal0C0Tftag0FCAD590Aa51e/story01.htm', N'Bosch is developing a connected gas pedal with haptic feedback - Roadshow', N'08ef48ad042488eece060e166bc6753f', N'This pedal promises to use haptic feedback toward helping you save fuel while driving.<br clear=''all''/><br/><br/><a href="http://rc.feedsportal.com/r/247389449668/u/173/f/645093/c/34938/s/4d254411/sc/28/rc/1/rc.htm" rel="nofollow"><img src="http://rc.feedsportal.com/r/247389449668/u/173/f/645093/c/34938/s/4d254411/sc/28/rc/1/rc.img" border="0"/></a><br/><br/><a href="http://rc.feedsportal.com/r/247389449668/u/173/f/645093/c/34938/s/4d254411/sc/28/rc/2/rc.htm" rel="nofollow"><img src="http://rc.feedsportal.com/r/247389449668/u/173/f/645093/c/34938/s/4d254411/sc/28/rc/2/rc.img" border="0"/></a><br/><br/><a href="http://rc.feedsportal.com/r/247389449668/u/173/f/645093/c/34938/s/4d254411/sc/28/rc/3/rc.htm" rel="nofollow"><img src="http://rc.feedsportal.com/r/247389449668/u/173/f/645093/c/34938/s/4d254411/sc/28/rc/3/rc.img" border="0"/></a><br/><br/><a href="http://da.feedsportal.com/r/247389449668/u/173/f/645093/c/34938/s/4d254411/sc/28/a2.htm"><img src="http://da.feedsportal.com/r/247389449668/u/173/f/645093/c/34938/s/4d254411/sc/28/a2.img" border="0"/></a><br/><a href="http://adchoice.feedsportal.com/r/247389449668/u/173/f/645093/c/34938/s/4d254411/sc/28/ach.htm"><img src="http://adchoice.feedsportal.com/r/247389449668/u/173/f/645093/c/34938/s/4d254411/sc/28/ach.img" border="0"/></a><img width="1" height="1" src="http://pi.feedsportal.com/r/247389449668/u/173/f/645093/c/34938/s/4d254411/sc/28/a2t.img" border="0"/><img width="1" height="1" src="http://pi2.feedsportal.com/r/247389449668/u/173/f/645093/c/34938/s/4d254411/sc/28/a2t2.img" border="0"/><img width=''1'' height=''1'' src=''http://cnet.com.feedsportal.com/c/34938/f/645093/s/4d254411/sc/28/mf.gif'' border=''0''/>', N'http://cnet3.cbsistatic.com/hub/i/r/2016/01/26/043edef7-e66f-4044-be0c-d1263a40747a/thumbnail/300x230/965864f689a69519cc094747e4bbdc0a/boschconnectedmobilityactivegaspedaltechnicaldetailsen-3.jpg', CAST(0x0000A59900000000 AS DateTime), N'Andrew Krok', 2, 0)
INSERT [dbo].[RssFeeds] ([ID], [Url], [Title], [TitleHash], [Description], [ThumbnailUrl], [PublishDate], [Author], [ResourceID], [Score]) VALUES (34, N'http://cnet.com.feedsportal.com/c/34938/f/645093/s/4d237e8f/sc/23/l/0L0Scnet0N0Cnews0Camazon0Epayments0Eexec0Erebuffs0Eidea0Eof0Epartnering0Ewith0Epaypal0C0Tftag0FCAD590Aa51e/story01.htm', N'Amazon rebuffs idea of partnering with PayPal - CNET', N'281998cb173184103bda5e7f3e0fb050', N'The e-commerce titan has instead focused on its own online payment method, and says more than 23 million customers have used its Pay With Amazon service.<br clear=''all''/><br/><br/><a href="http://rc.feedsportal.com/r/247389426224/u/173/f/645093/c/34938/s/4d237e8f/sc/23/rc/1/rc.htm" rel="nofollow"><img src="http://rc.feedsportal.com/r/247389426224/u/173/f/645093/c/34938/s/4d237e8f/sc/23/rc/1/rc.img" border="0"/></a><br/><br/><a href="http://rc.feedsportal.com/r/247389426224/u/173/f/645093/c/34938/s/4d237e8f/sc/23/rc/2/rc.htm" rel="nofollow"><img src="http://rc.feedsportal.com/r/247389426224/u/173/f/645093/c/34938/s/4d237e8f/sc/23/rc/2/rc.img" border="0"/></a><br/><br/><a href="http://rc.feedsportal.com/r/247389426224/u/173/f/645093/c/34938/s/4d237e8f/sc/23/rc/3/rc.htm" rel="nofollow"><img src="http://rc.feedsportal.com/r/247389426224/u/173/f/645093/c/34938/s/4d237e8f/sc/23/rc/3/rc.img" border="0"/></a><br/><br/><a href="http://da.feedsportal.com/r/247389426224/u/173/f/645093/c/34938/s/4d237e8f/sc/23/a2.htm"><img src="http://da.feedsportal.com/r/247389426224/u/173/f/645093/c/34938/s/4d237e8f/sc/23/a2.img" border="0"/></a><br/><a href="http://adchoice.feedsportal.com/r/247389426224/u/173/f/645093/c/34938/s/4d237e8f/sc/23/ach.htm"><img src="http://adchoice.feedsportal.com/r/247389426224/u/173/f/645093/c/34938/s/4d237e8f/sc/23/ach.img" border="0"/></a><img width="1" height="1" src="http://pi.feedsportal.com/r/247389426224/u/173/f/645093/c/34938/s/4d237e8f/sc/23/a2t.img" border="0"/><img width="1" height="1" src="http://pi2.feedsportal.com/r/247389426224/u/173/f/645093/c/34938/s/4d237e8f/sc/23/a2t2.img" border="0"/><img width=''1'' height=''1'' src=''http://cnet.com.feedsportal.com/c/34938/f/645093/s/4d237e8f/sc/23/mf.gif'' border=''0''/>', N'http://cnet3.cbsistatic.com/hub/i/r/2016/01/26/aefe7df0-e9a3-4100-8b2c-d8cdf8ab8d7e/thumbnail/300x230/6432f1f9005ee697ef119985a9247aef/corbis-image.png', CAST(0x0000A59900000000 AS DateTime), N'Ben Fox Rubin', 2, 0)
INSERT [dbo].[RssFeeds] ([ID], [Url], [Title], [TitleHash], [Description], [ThumbnailUrl], [PublishDate], [Author], [ResourceID], [Score]) VALUES (35, N'http://cnet.com.feedsportal.com/c/34938/f/645093/s/4d2413a9/sc/24/l/0L0Scnet0N0Cnews0Cus0Etech0Epros0Egot0Ea0Ehefty0Eraise0Elast0Eyear0C0Tftag0FCAD590Aa51e/story01.htm', N'US tech pros got a hefty raise last year - CNET', N'ef6f009c15c85e36634271d75b568d54', N'The average annual tech salary rose more than 7 percent last year to nearly six figures, according to a new survey.<br clear=''all''/><br/><br/><a href="http://rc.feedsportal.com/r/247389427904/u/173/f/645093/c/34938/s/4d2413a9/sc/24/rc/1/rc.htm" rel="nofollow"><img src="http://rc.feedsportal.com/r/247389427904/u/173/f/645093/c/34938/s/4d2413a9/sc/24/rc/1/rc.img" border="0"/></a><br/><br/><a href="http://rc.feedsportal.com/r/247389427904/u/173/f/645093/c/34938/s/4d2413a9/sc/24/rc/2/rc.htm" rel="nofollow"><img src="http://rc.feedsportal.com/r/247389427904/u/173/f/645093/c/34938/s/4d2413a9/sc/24/rc/2/rc.img" border="0"/></a><br/><br/><a href="http://rc.feedsportal.com/r/247389427904/u/173/f/645093/c/34938/s/4d2413a9/sc/24/rc/3/rc.htm" rel="nofollow"><img src="http://rc.feedsportal.com/r/247389427904/u/173/f/645093/c/34938/s/4d2413a9/sc/24/rc/3/rc.img" border="0"/></a><br/><br/><a href="http://da.feedsportal.com/r/247389427904/u/173/f/645093/c/34938/s/4d2413a9/sc/24/a2.htm"><img src="http://da.feedsportal.com/r/247389427904/u/173/f/645093/c/34938/s/4d2413a9/sc/24/a2.img" border="0"/></a><br/><a href="http://adchoice.feedsportal.com/r/247389427904/u/173/f/645093/c/34938/s/4d2413a9/sc/24/ach.htm"><img src="http://adchoice.feedsportal.com/r/247389427904/u/173/f/645093/c/34938/s/4d2413a9/sc/24/ach.img" border="0"/></a><img width="1" height="1" src="http://pi.feedsportal.com/r/247389427904/u/173/f/645093/c/34938/s/4d2413a9/sc/24/a2t.img" border="0"/><img width="1" height="1" src="http://pi2.feedsportal.com/r/247389427904/u/173/f/645093/c/34938/s/4d2413a9/sc/24/a2t2.img" border="0"/><img width=''1'' height=''1'' src=''http://cnet.com.feedsportal.com/c/34938/f/645093/s/4d2413a9/sc/24/mf.gif'' border=''0''/>', N'http://cnet3.cbsistatic.com/hub/i/r/2015/04/19/84395166-9a4a-4258-aad4-592d34b54a81/thumbnail/300x230/7f5a24ae182a9cd4699fa50fe7002d2c/money.jpg', CAST(0x0000A59900000000 AS DateTime), N'Steven Musil', 2, 0)
INSERT [dbo].[RssFeeds] ([ID], [Url], [Title], [TitleHash], [Description], [ThumbnailUrl], [PublishDate], [Author], [ResourceID], [Score]) VALUES (36, N'http://cnet.com.feedsportal.com/c/34938/f/645093/s/4d1ff090/sc/28/l/0L0Scnet0N0Cnews0Ctv0Eresolution0Econfusion0E10A80Ap0E2k0Euhd0E4k0Eand0Ewhat0Ethey0Eall0Emean0C0Tftag0FCAD590Aa51e/story01.htm', N'Resolution confusion: What do 2K, 4K, 1080p, UHD all mean? - CNET', N'71759c7b96e80a7e716c89ce96481f98', N'Confused by all the different resolution numbers like 2K, 4K, 1080p, and so on? Here''s what they all mean.<br clear=''all''/><br/><br/><a href="http://rc.feedsportal.com/r/247389352607/u/173/f/645093/c/34938/s/4d1ff090/sc/28/rc/1/rc.htm" rel="nofollow"><img src="http://rc.feedsportal.com/r/247389352607/u/173/f/645093/c/34938/s/4d1ff090/sc/28/rc/1/rc.img" border="0"/></a><br/><br/><a href="http://rc.feedsportal.com/r/247389352607/u/173/f/645093/c/34938/s/4d1ff090/sc/28/rc/2/rc.htm" rel="nofollow"><img src="http://rc.feedsportal.com/r/247389352607/u/173/f/645093/c/34938/s/4d1ff090/sc/28/rc/2/rc.img" border="0"/></a><br/><br/><a href="http://rc.feedsportal.com/r/247389352607/u/173/f/645093/c/34938/s/4d1ff090/sc/28/rc/3/rc.htm" rel="nofollow"><img src="http://rc.feedsportal.com/r/247389352607/u/173/f/645093/c/34938/s/4d1ff090/sc/28/rc/3/rc.img" border="0"/></a><br/><br/><a href="http://da.feedsportal.com/r/247389352607/u/173/f/645093/c/34938/s/4d1ff090/sc/28/a2.htm"><img src="http://da.feedsportal.com/r/247389352607/u/173/f/645093/c/34938/s/4d1ff090/sc/28/a2.img" border="0"/></a><br/><a href="http://adchoice.feedsportal.com/r/247389352607/u/173/f/645093/c/34938/s/4d1ff090/sc/28/ach.htm"><img src="http://adchoice.feedsportal.com/r/247389352607/u/173/f/645093/c/34938/s/4d1ff090/sc/28/ach.img" border="0"/></a><img width="1" height="1" src="http://pi.feedsportal.com/r/247389352607/u/173/f/645093/c/34938/s/4d1ff090/sc/28/a2t.img" border="0"/><img width="1" height="1" src="http://pi2.feedsportal.com/r/247389352607/u/173/f/645093/c/34938/s/4d1ff090/sc/28/a2t2.img" border="0"/><img width=''1'' height=''1'' src=''http://cnet.com.feedsportal.com/c/34938/f/645093/s/4d1ff090/sc/28/mf.gif'' border=''0''/>', N'http://cnet4.cbsistatic.com/hub/i/r/2016/01/22/d0479d65-f096-471e-8ee1-fe6b37af0b91/thumbnail/300x230/ec2c05f0c8a05acb0a6c59dd6f4fd9a1/resolutions.jpg', CAST(0x0000A59900000000 AS DateTime), N'Geoffrey Morrison', 2, 0)
INSERT [dbo].[RssFeeds] ([ID], [Url], [Title], [TitleHash], [Description], [ThumbnailUrl], [PublishDate], [Author], [ResourceID], [Score]) VALUES (37, N'http://cnet.com.feedsportal.com/c/34938/f/645093/s/4d2413b3/sc/28/l/0L0Scnet0N0Cnews0C70Etwitter0Eaccounts0Eyou0Eshould0Efollow0Efor0Ethe0Esuper0Ebowl0C0Tftag0FCAD590Aa51e/story01.htm', N'7 Twitter accounts you should follow for the Super Bowl - CNET', N'6d5d03d5c35785de809bf551ac70dfdb', N'Sure, you could just talk to the person sitting next to you at the party. But why limit yourself? From Bill Simmons to Shannon Sharpe, these folks will keep you entertained, even if the game doesn''t.<br clear=''all''/><br/><br/><a href="http://rc.feedsportal.com/r/247389427903/u/173/f/645093/c/34938/s/4d2413b3/sc/28/rc/1/rc.htm" rel="nofollow"><img src="http://rc.feedsportal.com/r/247389427903/u/173/f/645093/c/34938/s/4d2413b3/sc/28/rc/1/rc.img" border="0"/></a><br/><br/><a href="http://rc.feedsportal.com/r/247389427903/u/173/f/645093/c/34938/s/4d2413b3/sc/28/rc/2/rc.htm" rel="nofollow"><img src="http://rc.feedsportal.com/r/247389427903/u/173/f/645093/c/34938/s/4d2413b3/sc/28/rc/2/rc.img" border="0"/></a><br/><br/><a href="http://rc.feedsportal.com/r/247389427903/u/173/f/645093/c/34938/s/4d2413b3/sc/28/rc/3/rc.htm" rel="nofollow"><img src="http://rc.feedsportal.com/r/247389427903/u/173/f/645093/c/34938/s/4d2413b3/sc/28/rc/3/rc.img" border="0"/></a><br/><br/><a href="http://da.feedsportal.com/r/247389427903/u/173/f/645093/c/34938/s/4d2413b3/sc/28/a2.htm"><img src="http://da.feedsportal.com/r/247389427903/u/173/f/645093/c/34938/s/4d2413b3/sc/28/a2.img" border="0"/></a><br/><a href="http://adchoice.feedsportal.com/r/247389427903/u/173/f/645093/c/34938/s/4d2413b3/sc/28/ach.htm"><img src="http://adchoice.feedsportal.com/r/247389427903/u/173/f/645093/c/34938/s/4d2413b3/sc/28/ach.img" border="0"/></a><img width="1" height="1" src="http://pi.feedsportal.com/r/247389427903/u/173/f/645093/c/34938/s/4d2413b3/sc/28/a2t.img" border="0"/><img width="1" height="1" src="http://pi2.feedsportal.com/r/247389427903/u/173/f/645093/c/34938/s/4d2413b3/sc/28/a2t2.img" border="0"/><img width=''1'' height=''1'' src=''http://cnet.com.feedsportal.com/c/34938/f/645093/s/4d2413b3/sc/28/mf.gif'' border=''0''/>', N'http://cnet4.cbsistatic.com/hub/i/r/2016/01/26/1909c424-d84d-4007-8f7c-475088c8842e/thumbnail/300x230/eea2338de9e96c43d1a2f6c6303be885/corbis-42-80799162.jpg', CAST(0x0000A59900000000 AS DateTime), N'Richard Nieva', 2, 0)
INSERT [dbo].[RssFeeds] ([ID], [Url], [Title], [TitleHash], [Description], [ThumbnailUrl], [PublishDate], [Author], [ResourceID], [Score]) VALUES (38, N'http://cnet.com.feedsportal.com/c/34938/f/645093/s/4d23af04/sc/28/l/0L0Scnet0N0Cnews0Csprints0Ehalf0Eoff0Epromo0Epays0Eoff0E4910A0A0A0Enew0Ecustomers0C0Tftag0FCAD590Aa51e/story01.htm', N'Sprint''s half-off promo pays off with 491,000 new customers - CNET', N'c6514895f2f0abf4722f433a9f4d8112', N'The nation''s fourth-largest wireless carrier turns heads and gets back on the path to growth thanks to aggressive discounts.<br clear=''all''/><br/><br/><a href="http://rc.feedsportal.com/r/247389428550/u/173/f/645093/c/34938/s/4d23af04/sc/28/rc/1/rc.htm" rel="nofollow"><img src="http://rc.feedsportal.com/r/247389428550/u/173/f/645093/c/34938/s/4d23af04/sc/28/rc/1/rc.img" border="0"/></a><br/><br/><a href="http://rc.feedsportal.com/r/247389428550/u/173/f/645093/c/34938/s/4d23af04/sc/28/rc/2/rc.htm" rel="nofollow"><img src="http://rc.feedsportal.com/r/247389428550/u/173/f/645093/c/34938/s/4d23af04/sc/28/rc/2/rc.img" border="0"/></a><br/><br/><a href="http://rc.feedsportal.com/r/247389428550/u/173/f/645093/c/34938/s/4d23af04/sc/28/rc/3/rc.htm" rel="nofollow"><img src="http://rc.feedsportal.com/r/247389428550/u/173/f/645093/c/34938/s/4d23af04/sc/28/rc/3/rc.img" border="0"/></a><br/><br/><a href="http://da.feedsportal.com/r/247389428550/u/173/f/645093/c/34938/s/4d23af04/sc/28/a2.htm"><img src="http://da.feedsportal.com/r/247389428550/u/173/f/645093/c/34938/s/4d23af04/sc/28/a2.img" border="0"/></a><br/><a href="http://adchoice.feedsportal.com/r/247389428550/u/173/f/645093/c/34938/s/4d23af04/sc/28/ach.htm"><img src="http://adchoice.feedsportal.com/r/247389428550/u/173/f/645093/c/34938/s/4d23af04/sc/28/ach.img" border="0"/></a><img width="1" height="1" src="http://pi.feedsportal.com/r/247389428550/u/173/f/645093/c/34938/s/4d23af04/sc/28/a2t.img" border="0"/><img width="1" height="1" src="http://pi2.feedsportal.com/r/247389428550/u/173/f/645093/c/34938/s/4d23af04/sc/28/a2t2.img" border="0"/><img width=''1'' height=''1'' src=''http://cnet.com.feedsportal.com/c/34938/f/645093/s/4d23af04/sc/28/mf.gif'' border=''0''/>', N'http://cnet4.cbsistatic.com/hub/i/r/2015/07/20/8add1d3d-3ab8-4f89-929c-57302282b1c0/thumbnail/300x230/c33231fcdaa2c29da6be0aa6bd18a5a9/mejores-celulares-sprint.jpg', CAST(0x0000A59900000000 AS DateTime), N'Roger Cheng', 2, 0)
INSERT [dbo].[RssFeeds] ([ID], [Url], [Title], [TitleHash], [Description], [ThumbnailUrl], [PublishDate], [Author], [ResourceID], [Score]) VALUES (39, N'http://cnet.com.feedsportal.com/c/34938/f/645093/s/4d1fc4d5/sc/28/l/0L0Scnet0N0Cnews0Cspotify0Eyour0Enew0Eplace0Efor0Evideo0C0Tftag0FCAD590Aa51e/story01.htm', N'Spotify: Your new place for video? (CNET Update show notes) - CNET', N'3e683d4b9268025dbe122680ed850b8d', N'The streaming-music app is set to evolve beyond audio this week. Also, Snapchat may be getting new video calling features, and Cortana nags about email promises.<br clear=''all''/><br/><br/><a href="http://rc.feedsportal.com/r/247389346940/u/173/f/645093/c/34938/s/4d1fc4d5/sc/28/rc/1/rc.htm" rel="nofollow"><img src="http://rc.feedsportal.com/r/247389346940/u/173/f/645093/c/34938/s/4d1fc4d5/sc/28/rc/1/rc.img" border="0"/></a><br/><br/><a href="http://rc.feedsportal.com/r/247389346940/u/173/f/645093/c/34938/s/4d1fc4d5/sc/28/rc/2/rc.htm" rel="nofollow"><img src="http://rc.feedsportal.com/r/247389346940/u/173/f/645093/c/34938/s/4d1fc4d5/sc/28/rc/2/rc.img" border="0"/></a><br/><br/><a href="http://rc.feedsportal.com/r/247389346940/u/173/f/645093/c/34938/s/4d1fc4d5/sc/28/rc/3/rc.htm" rel="nofollow"><img src="http://rc.feedsportal.com/r/247389346940/u/173/f/645093/c/34938/s/4d1fc4d5/sc/28/rc/3/rc.img" border="0"/></a><br/><br/><a href="http://da.feedsportal.com/r/247389346940/u/173/f/645093/c/34938/s/4d1fc4d5/sc/28/a2.htm"><img src="http://da.feedsportal.com/r/247389346940/u/173/f/645093/c/34938/s/4d1fc4d5/sc/28/a2.img" border="0"/></a><br/><a href="http://adchoice.feedsportal.com/r/247389346940/u/173/f/645093/c/34938/s/4d1fc4d5/sc/28/ach.htm"><img src="http://adchoice.feedsportal.com/r/247389346940/u/173/f/645093/c/34938/s/4d1fc4d5/sc/28/ach.img" border="0"/></a><img width="1" height="1" src="http://pi.feedsportal.com/r/247389346940/u/173/f/645093/c/34938/s/4d1fc4d5/sc/28/a2t.img" border="0"/><img width="1" height="1" src="http://pi2.feedsportal.com/r/247389346940/u/173/f/645093/c/34938/s/4d1fc4d5/sc/28/a2t2.img" border="0"/><img width=''1'' height=''1'' src=''http://cnet.com.feedsportal.com/c/34938/f/645093/s/4d1fc4d5/sc/28/mf.gif'' border=''0''/>', N'http://cnet4.cbsistatic.com/hub/i/r/2016/01/25/f361baf8-4e47-4bfd-af0a-23c388b28daa/thumbnail/300x230/2f3b5196a6e109235eee699a8839a03e/ud012516.jpg', CAST(0x0000A59900000000 AS DateTime), N'Bridget Carey', 2, 0)
SET IDENTITY_INSERT [dbo].[RssFeeds] OFF
/****** Object:  Table [dbo].[RssResources_ContentProviders]    Script Date: 01/27/2016 11:01:10 ******/
SET ANSI_NULLS ON
GO
SET QUOTED_IDENTIFIER ON
GO
IF NOT EXISTS (SELECT * FROM sys.objects WHERE object_id = OBJECT_ID(N'[dbo].[RssResources_ContentProviders]') AND type in (N'U'))
BEGIN
CREATE TABLE [dbo].[RssResources_ContentProviders](
	[ResourceID] [int] NOT NULL,
	[ContentProvideID] [int] NOT NULL,
 CONSTRAINT [PK_RssResourcesRelatedByContentProviders] PRIMARY KEY CLUSTERED 
(
	[ResourceID] ASC,
	[ContentProvideID] ASC
)WITH (PAD_INDEX  = OFF, STATISTICS_NORECOMPUTE  = OFF, IGNORE_DUP_KEY = OFF, ALLOW_ROW_LOCKS  = ON, ALLOW_PAGE_LOCKS  = ON) ON [PRIMARY]
) ON [PRIMARY]
END
GO
/****** Object:  StoredProcedure [dbo].[sp_Insert_RssItem]    Script Date: 01/27/2016 11:01:10 ******/
SET ANSI_NULLS ON
GO
SET QUOTED_IDENTIFIER ON
GO
IF NOT EXISTS (SELECT * FROM sys.objects WHERE object_id = OBJECT_ID(N'[dbo].[sp_Insert_RssItem]') AND type in (N'P', N'PC'))
BEGIN
EXEC dbo.sp_executesql @statement = N'-- =============================================
-- Author:		Behzad Khosravifar	
-- Create date: 2016/01/18
-- Description:	Insert one rss feed item''s to RssFeeds table
-- =============================================
CREATE PROCEDURE [dbo].[sp_Insert_RssItem]
    @Url NVARCHAR(MAX) ,
    @Tilte NVARCHAR(MAX) ,
    @Description NVARCHAR(MAX) ,
    @ImageUrl NVARCHAR(MAX) ,
    @PublishDate DATETIME ,
    @Author NVARCHAR(MAX) ,
    @ResourceId INT
AS 
    BEGIN
        DECLARE @DashTrimTitle NVARCHAR(MAX) = REPLACE(@Tilte, '' '', ''-'');
        DECLARE @HashedTitle CHAR(32) = dbo.fn_GetStringHashing(@DashTrimTitle);
	
        IF ( SELECT COUNT(1)
             FROM   RssFeeds rss
             WHERE  @HashedTitle = rss.TitleHash
                    AND @Tilte = rss.Title
                    AND ( ( @Url = rss.[Url] )
                          OR ( ABS(DATEDIFF(DAY, rss.PublishDate,
                                            rss.PublishDate)) > 7 )
                        )
           ) = 0 
            BEGIN
	    -- Insert statements for procedure here
                INSERT  INTO Xomorod.dbo.RssFeeds
                        ( -- ID -- this column value is auto-generated
                          [Url] ,
                          Title ,
                          TitleHash ,
                          [Description] ,
                          ThumbnailUrl ,
                          PublishDate ,
                          Author ,
                          ResourceID
	                    )
                VALUES  ( @Url ,
                          @Tilte ,
                          @hashedTitle ,
                          @Description ,
                          @ImageUrl ,
                          @PublishDate ,
                          @Author ,
                          @ResourceId
	                    )
            END
    END' 
END
GO
/****** Object:  StoredProcedure [dbo].[sp_Increase_RssScore]    Script Date: 01/27/2016 11:01:10 ******/
SET ANSI_NULLS ON
GO
SET QUOTED_IDENTIFIER ON
GO
IF NOT EXISTS (SELECT * FROM sys.objects WHERE object_id = OBJECT_ID(N'[dbo].[sp_Increase_RssScore]') AND type in (N'P', N'PC'))
BEGIN
EXEC dbo.sp_executesql @statement = N'-- =============================================
-- Author:		Behzad Khosravifar
-- Create date: 2016/01/18
-- Description:	Increase Rss Feed Score +1
-- =============================================
CREATE PROCEDURE [dbo].[sp_Increase_RssScore] 
-- Add the parameters for the stored procedure here
	@Url NVARCHAR(MAX)
AS
BEGIN
	UPDATE Xomorod.dbo.RssFeeds
	SET    Score += 1
	WHERE  [Url] = @Url
END
' 
END
GO
/****** Object:  ForeignKey [FK_RssFeeds_RssResources]    Script Date: 01/27/2016 11:01:10 ******/
IF NOT EXISTS (SELECT * FROM sys.foreign_keys WHERE object_id = OBJECT_ID(N'[dbo].[FK_RssFeeds_RssResources]') AND parent_object_id = OBJECT_ID(N'[dbo].[RssFeeds]'))
ALTER TABLE [dbo].[RssFeeds]  WITH CHECK ADD  CONSTRAINT [FK_RssFeeds_RssResources] FOREIGN KEY([ResourceID])
REFERENCES [dbo].[RssResources] ([ID])
GO
IF  EXISTS (SELECT * FROM sys.foreign_keys WHERE object_id = OBJECT_ID(N'[dbo].[FK_RssFeeds_RssResources]') AND parent_object_id = OBJECT_ID(N'[dbo].[RssFeeds]'))
ALTER TABLE [dbo].[RssFeeds] CHECK CONSTRAINT [FK_RssFeeds_RssResources]
GO
/****** Object:  ForeignKey [FK_NewsResources_NewsCategories]    Script Date: 01/27/2016 11:01:10 ******/
IF NOT EXISTS (SELECT * FROM sys.foreign_keys WHERE object_id = OBJECT_ID(N'[dbo].[FK_NewsResources_NewsCategories]') AND parent_object_id = OBJECT_ID(N'[dbo].[RssResources]'))
ALTER TABLE [dbo].[RssResources]  WITH CHECK ADD  CONSTRAINT [FK_NewsResources_NewsCategories] FOREIGN KEY([RssCategoryID])
REFERENCES [dbo].[RssCategories] ([CategoryID])
GO
IF  EXISTS (SELECT * FROM sys.foreign_keys WHERE object_id = OBJECT_ID(N'[dbo].[FK_NewsResources_NewsCategories]') AND parent_object_id = OBJECT_ID(N'[dbo].[RssResources]'))
ALTER TABLE [dbo].[RssResources] CHECK CONSTRAINT [FK_NewsResources_NewsCategories]
GO
/****** Object:  ForeignKey [FK_RssResourcesRelatedByContentProviders_RssResources]    Script Date: 01/27/2016 11:01:10 ******/
IF NOT EXISTS (SELECT * FROM sys.foreign_keys WHERE object_id = OBJECT_ID(N'[dbo].[FK_RssResourcesRelatedByContentProviders_RssResources]') AND parent_object_id = OBJECT_ID(N'[dbo].[RssResources_ContentProviders]'))
ALTER TABLE [dbo].[RssResources_ContentProviders]  WITH CHECK ADD  CONSTRAINT [FK_RssResourcesRelatedByContentProviders_RssResources] FOREIGN KEY([ResourceID])
REFERENCES [dbo].[RssResources] ([ID])
GO
IF  EXISTS (SELECT * FROM sys.foreign_keys WHERE object_id = OBJECT_ID(N'[dbo].[FK_RssResourcesRelatedByContentProviders_RssResources]') AND parent_object_id = OBJECT_ID(N'[dbo].[RssResources_ContentProviders]'))
ALTER TABLE [dbo].[RssResources_ContentProviders] CHECK CONSTRAINT [FK_RssResourcesRelatedByContentProviders_RssResources]
GO
/****** Object:  ForeignKey [FK_RssResourcesRelatedByContentProviders_RssResourcesContentProvides]    Script Date: 01/27/2016 11:01:10 ******/
IF NOT EXISTS (SELECT * FROM sys.foreign_keys WHERE object_id = OBJECT_ID(N'[dbo].[FK_RssResourcesRelatedByContentProviders_RssResourcesContentProvides]') AND parent_object_id = OBJECT_ID(N'[dbo].[RssResources_ContentProviders]'))
ALTER TABLE [dbo].[RssResources_ContentProviders]  WITH CHECK ADD  CONSTRAINT [FK_RssResourcesRelatedByContentProviders_RssResourcesContentProvides] FOREIGN KEY([ContentProvideID])
REFERENCES [dbo].[RssContentProviders] ([ID])
GO
IF  EXISTS (SELECT * FROM sys.foreign_keys WHERE object_id = OBJECT_ID(N'[dbo].[FK_RssResourcesRelatedByContentProviders_RssResourcesContentProvides]') AND parent_object_id = OBJECT_ID(N'[dbo].[RssResources_ContentProviders]'))
ALTER TABLE [dbo].[RssResources_ContentProviders] CHECK CONSTRAINT [FK_RssResourcesRelatedByContentProviders_RssResourcesContentProvides]
GO
